archive_path,file_type,provider_folder,network,station,channel_hint,size_bytes,crc32
EarthScope___PRIMARY/GE.MALT/response.stationxml,StationXML,EarthScope___PRIMARY,response,stationxml,,336592,b0c7bef8
EarthScope___PRIMARY/KO.GAZ/20260924T073558138_20260924T083558138_KO.GAZ..HHE_3.mseed,MiniSEED,EarthScope___PRIMARY,KO,GAZ,HHE,2043904,687a838b
EarthScope___PRIMARY/KO.GAZ/20260924T073558138_20260924T083558138_KO.GAZ..HHE_3_sac/KO.GAZ..HHE_20260924T0735581400000_0000.sac,SAC,EarthScope___PRIMARY,KO,GAZ,HHE,1440632,307e42bb
EarthScope___PRIMARY/KO.GAZ/20260924T073558138_20260924T083558138_KO.GAZ..HHE_3_sac/KO.GAZ..HHN_20260924T0735581400000_0001.sac,SAC,EarthScope___PRIMARY,KO,GAZ,HHN,1440632,9b8aaf93
EarthScope___PRIMARY/KO.GAZ/20260924T073558138_20260924T083558138_KO.GAZ..HHE_3_sac/KO.GAZ..HHZ_20260924T0735581400000_0002.sac,SAC,EarthScope___PRIMARY,KO,GAZ,HHZ,1440632,2f784585
EarthScope___PRIMARY/KO.GAZ/20260924T083558138_20260924T084058138_KO.GAZ..HHE_3.mseed,MiniSEED,EarthScope___PRIMARY,KO,GAZ,HHE,160768,9d2f3734
EarthScope___PRIMARY/KO.GAZ/20260924T083558138_20260924T084058138_KO.GAZ..HHE_3_sac/KO.GAZ..HHE_20260924T0835581400000_0000.sac,SAC,EarthScope___PRIMARY,KO,GAZ,HHE,120632,da3d2222
EarthScope___PRIMARY/KO.GAZ/20260924T083558138_20260924T084058138_KO.GAZ..HHE_3_sac/KO.GAZ..HHN_20260924T0835581400000_0001.sac,SAC,EarthScope___PRIMARY,KO,GAZ,HHN,120632,6fcb85bb
EarthScope___PRIMARY/KO.GAZ/20260924T083558138_20260924T084058138_KO.GAZ..HHE_3_sac/KO.GAZ..HHZ_20260924T0835581400000_0002.sac,SAC,EarthScope___PRIMARY,KO,GAZ,HHZ,120632,d32e236d
EarthScope___PRIMARY/KO.GAZ/response.stationxml,StationXML,EarthScope___PRIMARY,response,stationxml,,193694,6cb8d789
EarthScope___PRIMARY/MN.ARPR/response.stationxml,StationXML,EarthScope___PRIMARY,response,stationxml,,103383,c9993120
EarthScope___PRIMARY/SY.ARPR/response.stationxml,StationXML,EarthScope___PRIMARY,response,stationxml,,12069,1f75981a
EarthScope___PRIMARY/SY.GAZ/response.stationxml,StationXML,EarthScope___PRIMARY,response,stationxml,,12586,c30a3adb
EarthScope___PRIMARY/SY.MALT/response.stationxml,StationXML,EarthScope___PRIMARY,response,stationxml,,12581,71356e3d
GEOFON___archive/GE.ARPR/20260924T073558138_20260924T083558138_GE.ARPR..BHE_21.mseed,MiniSEED,GEOFON___archive,GE,ARPR,BHE,2053632,4e921c00
GEOFON___archive/GE.ARPR/20260924T073558138_20260924T083558138_GE.ARPR..BHE_21_sac/GE.ARPR..BHE_20260924T0735555000000_0000.sac,SAC,GEOFON___archive,GE,ARPR,BHE,289620,115e34b1
GEOFON___archive/GE.ARPR/20260924T073558138_20260924T083558138_GE.ARPR..BHE_21_sac/GE.ARPR..BHN_20260924T0735455000000_0001.sac,SAC,GEOFON___archive,GE,ARPR,BHN,290908,ce94dff5
GEOFON___archive/GE.ARPR/20260924T073558138_20260924T083558138_GE.ARPR..BHE_21_sac/GE.ARPR..BHZ_20260924T0735533499980_0002.sac,SAC,GEOFON___archive,GE,ARPR,BHZ,289940,c49cd468
GEOFON___archive/GE.ARPR/20260924T073558138_20260924T083558138_GE.ARPR..BHE_21_sac/GE.ARPR..BLE_20260924T0735290500000_0003.sac,SAC,GEOFON___archive,GE,ARPR,BLE,291512,a4ead3d4
GEOFON___archive/GE.ARPR/20260924T073558138_20260924T083558138_GE.ARPR..BHE_21_sac/GE.ARPR..BLN_20260924T0735560500000_0004.sac,SAC,GEOFON___archive,GE,ARPR,BLN,289136,df203dde
GEOFON___archive/GE.ARPR/20260924T073558138_20260924T083558138_GE.ARPR..BHE_21_sac/GE.ARPR..BLZ_20260924T0735353500000_0005.sac,SAC,GEOFON___archive,GE,ARPR,BLZ,291300,3eb33c0e
GEOFON___archive/GE.ARPR/20260924T073558138_20260924T083558138_GE.ARPR..BHE_21_sac/GE.ARPR..LHE_20260924T0732320000000_0006.sac,SAC,GEOFON___archive,GE,ARPR,LHE,16504,110ab386
GEOFON___archive/GE.ARPR/20260924T073558138_20260924T083558138_GE.ARPR..BHE_21_sac/GE.ARPR..LHN_20260924T0732050000000_0007.sac,SAC,GEOFON___archive,GE,ARPR,LHN,16432,ac6ebb67
GEOFON___archive/GE.ARPR/20260924T073558138_20260924T083558138_GE.ARPR..BHE_21_sac/GE.ARPR..LHZ_20260924T0735220000000_0008.sac,SAC,GEOFON___archive,GE,ARPR,LHZ,15228,0825c3e9
GEOFON___archive/GE.ARPR/20260924T073558138_20260924T083558138_GE.ARPR..BHE_21_sac/GE.ARPR..LLE_20260924T0731120000000_0009.sac,SAC,GEOFON___archive,GE,ARPR,LLE,17444,04a8f314
GEOFON___archive/GE.ARPR/20260924T073558138_20260924T083558138_GE.ARPR..BHE_21_sac/GE.ARPR..LLN_20260924T0724080000000_0010.sac,SAC,GEOFON___archive,GE,ARPR,LLN,20248,9211c7a0
GEOFON___archive/GE.ARPR/20260924T073558138_20260924T083558138_GE.ARPR..BHE_21_sac/GE.ARPR..LLZ_20260924T0735440000000_0011.sac,SAC,GEOFON___archive,GE,ARPR,LLZ,17528,35464a10
GEOFON___archive/GE.ARPR/20260924T073558138_20260924T083558138_GE.ARPR..BHE_21_sac/GE.ARPR..SHE_20260924T0735580200000_0012.sac,SAC,GEOFON___archive,GE,ARPR,SHE,721480,0a89e5ef
GEOFON___archive/GE.ARPR/20260924T073558138_20260924T083558138_GE.ARPR..BHE_21_sac/GE.ARPR..SHN_20260924T0735524400000_0013.sac,SAC,GEOFON___archive,GE,ARPR,SHN,722632,b531ba70
GEOFON___archive/GE.ARPR/20260924T073558138_20260924T083558138_GE.ARPR..BHE_21_sac/GE.ARPR..SHZ_20260924T0735529800000_0014.sac,SAC,GEOFON___archive,GE,ARPR,SHZ,722088,61439f09
GEOFON___archive/GE.ARPR/20260924T073558138_20260924T083558138_GE.ARPR..BHE_21_sac/GE.ARPR..SLE_20260924T0735472000000_0015.sac,SAC,GEOFON___archive,GE,ARPR,SLE,724400,febc3dea
GEOFON___archive/GE.ARPR/20260924T073558138_20260924T083558138_GE.ARPR..BHE_21_sac/GE.ARPR..SLN_20260924T0735551800000_0016.sac,SAC,GEOFON___archive,GE,ARPR,SLN,722312,0eb20540
GEOFON___archive/GE.ARPR/20260924T073558138_20260924T083558138_GE.ARPR..BHE_21_sac/GE.ARPR..SLZ_20260924T0735540999980_0017.sac,SAC,GEOFON___archive,GE,ARPR,SLZ,721536,270a4d40
GEOFON___archive/GE.ARPR/20260924T073558138_20260924T083558138_GE.ARPR..BHE_21_sac/GE.ARPR..VHE_20260924T0733444999980_0018.sac,SAC,GEOFON___archive,GE,ARPR,VHE,2360,857e31c2
GEOFON___archive/GE.ARPR/20260924T073558138_20260924T083558138_GE.ARPR..BHE_21_sac/GE.ARPR..VHN_20260924T0704145000000_0019.sac,SAC,GEOFON___archive,GE,ARPR,VHN,3356,ded626e5
GEOFON___archive/GE.ARPR/20260924T073558138_20260924T083558138_GE.ARPR..BHE_21_sac/GE.ARPR..VHZ_20260924T0707445000000_0020.sac,SAC,GEOFON___archive,GE,ARPR,VHZ,3576,1e9eb547
GEOFON___archive/GE.ARPR/20260924T083558138_20260924T084058138_GE.ARPR..BHE_21.mseed,MiniSEED,GEOFON___archive,GE,ARPR,BHE,168448,0d43b401
GEOFON___archive/GE.ARPR/20260924T083558138_20260924T084058138_GE.ARPR..BHE_21_sac/GE.ARPR..BHE_20260924T0835527000000_0000.sac,SAC,GEOFON___archive,GE,ARPR,BHE,25296,132a9e16
GEOFON___archive/GE.ARPR/20260924T083558138_20260924T084058138_GE.ARPR..BHE_21_sac/GE.ARPR..BHN_20260924T0835577500000_0001.sac,SAC,GEOFON___archive,GE,ARPR,BHN,25700,d10edc5c
GEOFON___archive/GE.ARPR/20260924T083558138_20260924T084058138_GE.ARPR..BHE_21_sac/GE.ARPR..BHZ_20260924T0835523500000_0002.sac,SAC,GEOFON___archive,GE,ARPR,BHZ,25572,c0aaa9cd
GEOFON___archive/GE.ARPR/20260924T083558138_20260924T084058138_GE.ARPR..BHE_21_sac/GE.ARPR..BLE_20260924T0835307000000_0003.sac,SAC,GEOFON___archive,GE,ARPR,BLE,27964,e5e5cc7b
GEOFON___archive/GE.ARPR/20260924T083558138_20260924T084058138_GE.ARPR..BHE_21_sac/GE.ARPR..BLN_20260924T0835280500000_0004.sac,SAC,GEOFON___archive,GE,ARPR,BLN,28016,e0c09f87
GEOFON___archive/GE.ARPR/20260924T083558138_20260924T084058138_GE.ARPR..BHE_21_sac/GE.ARPR..BLZ_20260924T0835343500000_0005.sac,SAC,GEOFON___archive,GE,ARPR,BLZ,28048,5a452ace
GEOFON___archive/GE.ARPR/20260924T083558138_20260924T084058138_GE.ARPR..BHE_21_sac/GE.ARPR..LHE_20260924T0834120000000_0006.sac,SAC,GEOFON___archive,GE,ARPR,LHE,2788,96cf8d9e
GEOFON___archive/GE.ARPR/20260924T083558138_20260924T084058138_GE.ARPR..BHE_21_sac/GE.ARPR..LHN_20260924T0833020000000_0007.sac,SAC,GEOFON___archive,GE,ARPR,LHN,2916,a30d2cb5
GEOFON___archive/GE.ARPR/20260924T083558138_20260924T084058138_GE.ARPR..BHE_21_sac/GE.ARPR..LHZ_20260924T0831060000000_0008.sac,SAC,GEOFON___archive,GE,ARPR,LHZ,4160,3d837027
GEOFON___archive/GE.ARPR/20260924T083558138_20260924T084058138_GE.ARPR..BHE_21_sac/GE.ARPR..LLE_20260924T0829140000000_0009.sac,SAC,GEOFON___archive,GE,ARPR,LLE,3516,0aa23052
GEOFON___archive/GE.ARPR/20260924T083558138_20260924T084058138_GE.ARPR..BHE_21_sac/GE.ARPR..LLN_20260924T0833510000000_0010.sac,SAC,GEOFON___archive,GE,ARPR,LLN,3516,8869afc3
GEOFON___archive/GE.ARPR/20260924T083558138_20260924T084058138_GE.ARPR..BHE_21_sac/GE.ARPR..LLZ_20260924T0834070000000_0011.sac,SAC,GEOFON___archive,GE,ARPR,LLZ,3516,8c2c4539
GEOFON___archive/GE.ARPR/20260924T083558138_20260924T084058138_GE.ARPR..BHE_21_sac/GE.ARPR..SHE_20260924T0835572000000_0012.sac,SAC,GEOFON___archive,GE,ARPR,SHE,61704,8b967ff3
GEOFON___archive/GE.ARPR/20260924T083558138_20260924T084058138_GE.ARPR..BHE_21_sac/GE.ARPR..SHN_20260924T0835566000000_0013.sac,SAC,GEOFON___archive,GE,ARPR,SHN,61780,1fb0dce4
GEOFON___archive/GE.ARPR/20260924T083558138_20260924T084058138_GE.ARPR..BHE_21_sac/GE.ARPR..SHZ_20260924T0835542000000_0014.sac,SAC,GEOFON___archive,GE,ARPR,SHZ,62328,d5ae3080
GEOFON___archive/GE.ARPR/20260924T083558138_20260924T084058138_GE.ARPR..BHE_21_sac/GE.ARPR..SLE_20260924T0835532000000_0015.sac,SAC,GEOFON___archive,GE,ARPR,SLE,64032,388f8c26
GEOFON___archive/GE.ARPR/20260924T083558138_20260924T084058138_GE.ARPR..BHE_21_sac/GE.ARPR..SLN_20260924T0835511800000_0016.sac,SAC,GEOFON___archive,GE,ARPR,SLN,64292,6fe17ddf
GEOFON___archive/GE.ARPR/20260924T083558138_20260924T084058138_GE.ARPR..BHE_21_sac/GE.ARPR..SLZ_20260924T0835457600000_0017.sac,SAC,GEOFON___archive,GE,ARPR,SLZ,64748,01fe0c30
GEOFON___archive/GE.ARPR/20260924T083558138_20260924T084058138_GE.ARPR..BHE_21_sac/GE.ARPR..VHE_20260924T0808345000000_0018.sac,SAC,GEOFON___archive,GE,ARPR,VHE,1524,102ea3f4
GEOFON___archive/GE.ARPR/20260924T083558138_20260924T084058138_GE.ARPR..BHE_21_sac/GE.ARPR..VHN_20260924T0821145000000_0019.sac,SAC,GEOFON___archive,GE,ARPR,VHN,1508,f3294125
GEOFON___archive/GE.ARPR/20260924T083558138_20260924T084058138_GE.ARPR..BHE_21_sac/GE.ARPR..VHZ_20260924T0830345000000_0020.sac,SAC,GEOFON___archive,GE,ARPR,VHZ,1588,7a439514
GEOFON___archive/GE.ARPR/response.stationxml,StationXML,GEOFON___archive,response,stationxml,,159214,d25f686a
INGV___archive/MN.ARPR/20260924T073558138_20260924T083558138_MN.ARPR..BHE_9.mseed,MiniSEED,INGV___archive,MN,ARPR,BHE,428544,a541e482
INGV___archive/MN.ARPR/20260924T073558138_20260924T083558138_MN.ARPR..BHE_9_sac/MN.ARPR..BHE_20260924T0735555000000_0000.sac,SAC,INGV___archive,MN,ARPR,BHE,289620,ef61605b
INGV___archive/MN.ARPR/20260924T073558138_20260924T083558138_MN.ARPR..BHE_9_sac/MN.ARPR..BHN_20260924T0735455000000_0001.sac,SAC,INGV___archive,MN,ARPR,BHN,290908,8c3e8d6f
INGV___archive/MN.ARPR/20260924T073558138_20260924T083558138_MN.ARPR..BHE_9_sac/MN.ARPR..BHZ_20260924T0735533499980_0002.sac,SAC,INGV___archive,MN,ARPR,BHZ,289940,9206364d
INGV___archive/MN.ARPR/20260924T073558138_20260924T083558138_MN.ARPR..BHE_9_sac/MN.ARPR..LHE_20260924T0732320000000_0003.sac,SAC,INGV___archive,MN,ARPR,LHE,16504,054c9618
INGV___archive/MN.ARPR/20260924T073558138_20260924T083558138_MN.ARPR..BHE_9_sac/MN.ARPR..LHN_20260924T0732050000000_0004.sac,SAC,INGV___archive,MN,ARPR,LHN,16432,48282b55
INGV___archive/MN.ARPR/20260924T073558138_20260924T083558138_MN.ARPR..BHE_9_sac/MN.ARPR..LHZ_20260924T0735220000000_0005.sac,SAC,INGV___archive,MN,ARPR,LHZ,15228,3c7aad4b
INGV___archive/MN.ARPR/20260924T073558138_20260924T083558138_MN.ARPR..BHE_9_sac/MN.ARPR..VHE_20260924T0733444999980_0006.sac,SAC,INGV___archive,MN,ARPR,VHE,2360,d014c6b0
INGV___archive/MN.ARPR/20260924T073558138_20260924T083558138_MN.ARPR..BHE_9_sac/MN.ARPR..VHN_20260924T0704145000000_0007.sac,SAC,INGV___archive,MN,ARPR,VHN,3356,81d28358
INGV___archive/MN.ARPR/20260924T073558138_20260924T083558138_MN.ARPR..BHE_9_sac/MN.ARPR..VHZ_20260924T0707445000000_0008.sac,SAC,INGV___archive,MN,ARPR,VHZ,3576,c1545f26
INGV___archive/MN.ARPR/20260924T083558138_20260924T084058138_MN.ARPR..BHE_9.mseed,MiniSEED,INGV___archive,MN,ARPR,BHE,35840,bb088a9a
INGV___archive/MN.ARPR/20260924T083558138_20260924T084058138_MN.ARPR..BHE_9_sac/MN.ARPR..BHE_20260924T0835527000000_0000.sac,SAC,INGV___archive,MN,ARPR,BHE,25296,ab196ee0
INGV___archive/MN.ARPR/20260924T083558138_20260924T084058138_MN.ARPR..BHE_9_sac/MN.ARPR..BHN_20260924T0835577500000_0001.sac,SAC,INGV___archive,MN,ARPR,BHN,25700,b3032eb8
INGV___archive/MN.ARPR/20260924T083558138_20260924T084058138_MN.ARPR..BHE_9_sac/MN.ARPR..BHZ_20260924T0835523500000_0002.sac,SAC,INGV___archive,MN,ARPR,BHZ,25572,6ecb38fa
INGV___archive/MN.ARPR/20260924T083558138_20260924T084058138_MN.ARPR..BHE_9_sac/MN.ARPR..LHE_20260924T0834120000000_0003.sac,SAC,INGV___archive,MN,ARPR,LHE,2788,76fc63ee
INGV___archive/MN.ARPR/20260924T083558138_20260924T084058138_MN.ARPR..BHE_9_sac/MN.ARPR..LHN_20260924T0833020000000_0004.sac,SAC,INGV___archive,MN,ARPR,LHN,2916,e36bc161
INGV___archive/MN.ARPR/20260924T083558138_20260924T084058138_MN.ARPR..BHE_9_sac/MN.ARPR..LHZ_20260924T0831060000000_0005.sac,SAC,INGV___archive,MN,ARPR,LHZ,4160,a867e74c
INGV___archive/MN.ARPR/20260924T083558138_20260924T084058138_MN.ARPR..BHE_9_sac/MN.ARPR..VHE_20260924T0808345000000_0006.sac,SAC,INGV___archive,MN,ARPR,VHE,1524,d829d7a7
INGV___archive/MN.ARPR/20260924T083558138_20260924T084058138_MN.ARPR..BHE_9_sac/MN.ARPR..VHN_20260924T0821145000000_0007.sac,SAC,INGV___archive,MN,ARPR,VHN,1508,35d3814d
INGV___archive/MN.ARPR/20260924T083558138_20260924T084058138_MN.ARPR..BHE_9_sac/MN.ARPR..VHZ_20260924T0830345000000_0008.sac,SAC,INGV___archive,MN,ARPR,VHZ,1588,de9ef1b8
INGV___archive/MN.ARPR/response.stationxml,StationXML,INGV___archive,response,stationxml,,85443,c1ad3a15
KOERI___archive/KO.AKDG/20260924T073558138_20260924T083558138_KO.AKDG..HHE_3.mseed,MiniSEED,KOERI___archive,KO,AKDG,HHE,1842688,781957f5
KOERI___archive/KO.AKDG/20260924T073558138_20260924T083558138_KO.AKDG..HHE_3_sac/KO.AKDG..HHE_20260924T0735550700000_0000.sac,SAC,KOERI___archive,KO,AKDG,HHE,1442844,2723e4d7
KOERI___archive/KO.AKDG/20260924T073558138_20260924T083558138_KO.AKDG..HHE_3_sac/KO.AKDG..HHN_20260924T0735558300000_0001.sac,SAC,KOERI___archive,KO,AKDG,HHN,1441860,9862c2e9
KOERI___archive/KO.AKDG/20260924T073558138_20260924T083558138_KO.AKDG..HHE_3_sac/KO.AKDG..HHZ_20260924T0735564900000_0002.sac,SAC,KOERI___archive,KO,AKDG,HHZ,1441540,f50857f2
KOERI___archive/KO.AKDG/20260924T083558138_20260924T084058138_KO.AKDG..HHE_3.mseed,MiniSEED,KOERI___archive,KO,AKDG,HHE,137216,b1a90477
KOERI___archive/KO.AKDG/20260924T083558138_20260924T084058138_KO.AKDG..HHE_3_sac/KO.AKDG..HHE_20260924T0835570900000_0000.sac,SAC,KOERI___archive,KO,AKDG,HHE,121612,79b71ff9
KOERI___archive/KO.AKDG/20260924T083558138_20260924T084058138_KO.AKDG..HHE_3_sac/KO.AKDG..HHN_20260924T0835554300000_0001.sac,SAC,KOERI___archive,KO,AKDG,HHN,122776,30f7de5b
KOERI___archive/KO.AKDG/20260924T083558138_20260924T084058138_KO.AKDG..HHE_3_sac/KO.AKDG..HHZ_20260924T0835554000000_0002.sac,SAC,KOERI___archive,KO,AKDG,HHZ,123056,f4d6e95f
KOERI___archive/KO.AKDG/response.stationxml,StationXML,KOERI___archive,response,stationxml,,203367,bade411a
KOERI___archive/KO.ARGN/20260924T073558138_20260924T083558138_KO.ARGN..HHE_3.mseed,MiniSEED,KOERI___archive,KO,ARGN,HHE,2554880,785943c6
KOERI___archive/KO.ARGN/20260924T073558138_20260924T083558138_KO.ARGN..HHE_3_sac/KO.ARGN..HHE_20260924T0735575200000_0000.sac,SAC,KOERI___archive,KO,ARGN,HHE,1441648,808db083
KOERI___archive/KO.ARGN/20260924T073558138_20260924T083558138_KO.ARGN..HHE_3_sac/KO.ARGN..HHN_20260924T0735570300000_0001.sac,SAC,KOERI___archive,KO,ARGN,HHN,1441364,8dfe9326
KOERI___archive/KO.ARGN/20260924T073558138_20260924T083558138_KO.ARGN..HHE_3_sac/KO.ARGN..HHZ_20260924T0735566600000_0002.sac,SAC,KOERI___archive,KO,ARGN,HHZ,1441448,de23ff6c
KOERI___archive/KO.ARGN/20260924T083558138_20260924T084058138_KO.ARGN..HHE_3.mseed,MiniSEED,KOERI___archive,KO,ARGN,HHE,200192,c1b9d62c
KOERI___archive/KO.ARGN/20260924T083558138_20260924T084058138_KO.ARGN..HHE_3_sac/KO.ARGN..HHE_20260924T0835578000000_0000.sac,SAC,KOERI___archive,KO,ARGN,HHE,121088,d72ad112
KOERI___archive/KO.ARGN/20260924T083558138_20260924T084058138_KO.ARGN..HHE_3_sac/KO.ARGN..HHN_20260924T0835566300000_0001.sac,SAC,KOERI___archive,KO,ARGN,HHN,121372,1aaaaff6
KOERI___archive/KO.ARGN/20260924T083558138_20260924T084058138_KO.ARGN..HHE_3_sac/KO.ARGN..HHZ_20260924T0835566100000_0002.sac,SAC,KOERI___archive,KO,ARGN,HHZ,121920,ffd9d332
KOERI___archive/KO.ARGN/response.stationxml,StationXML,KOERI___archive,response,stationxml,,203359,88f49c1c
KOERI___archive/KO.ARPRA/20260924T073558138_20260924T083558138_KO.ARPRA..HNE_3.mseed,MiniSEED,KOERI___archive,KO,ARPRA,HNE,901632,28175dc0
KOERI___archive/KO.ARPRA/20260924T073558138_20260924T083558138_KO.ARPRA..HNE_3_sac/KO.ARPRA..HNE_20260924T0735530300000_0000.sac,SAC,KOERI___archive,KO,ARPRA,HNE,1444840,d480b9da
KOERI___archive/KO.ARPRA/20260924T073558138_20260924T083558138_KO.ARPRA..HNE_3_sac/KO.ARPRA..HNN_20260924T0735562300000_0001.sac,SAC,KOERI___archive,KO,ARPRA,HNN,1443272,beae7d2c
KOERI___archive/KO.ARPRA/20260924T073558138_20260924T083558138_KO.ARPRA..HNE_3_sac/KO.ARPRA..HNZ_20260924T0735541800000_0002.sac,SAC,KOERI___archive,KO,ARPRA,HNZ,1444168,e6c95fc3
KOERI___archive/KO.ARPRA/20260924T083558138_20260924T084058138_KO.ARPRA..HNE_3.mseed,MiniSEED,KOERI___archive,KO,ARPRA,HNE,74240,2f2cbc6e
KOERI___archive/KO.ARPRA/20260924T083558138_20260924T084058138_KO.ARPRA..HNE_3_sac/KO.ARPRA..HNE_20260924T0835572700000_0000.sac,SAC,KOERI___archive,KO,ARPRA,HNE,121368,37cb1620
KOERI___archive/KO.ARPRA/20260924T083558138_20260924T084058138_KO.ARPRA..HNE_3_sac/KO.ARPRA..HNN_20260924T0835565800000_0001.sac,SAC,KOERI___archive,KO,ARPRA,HNN,121992,88e3101f
KOERI___archive/KO.ARPRA/20260924T083558138_20260924T084058138_KO.ARPRA..HNE_3_sac/KO.ARPRA..HNZ_20260924T0835576300000_0002.sac,SAC,KOERI___archive,KO,ARPRA,HNZ,121692,aa63e6e3
KOERI___archive/KO.ARPRA/response.stationxml,StationXML,KOERI___archive,response,stationxml,,202636,32ffdea5
KOERI___archive/KO.DARE/20260924T073558138_20260924T083558138_KO.DARE..HHE_3.mseed,MiniSEED,KOERI___archive,KO,DARE,HHE,1720320,74853979
KOERI___archive/KO.DARE/20260924T073558138_20260924T083558138_KO.DARE..HHE_3_sac/KO.DARE..HHE_20260924T0735575200000_0000.sac,SAC,KOERI___archive,KO,DARE,HHE,1441024,d70d5459
KOERI___archive/KO.DARE/20260924T073558138_20260924T083558138_KO.DARE..HHE_3_sac/KO.DARE..HHN_20260924T0735553800000_0001.sac,SAC,KOERI___archive,KO,DARE,HHN,1442576,ee0c3e5f
KOERI___archive/KO.DARE/20260924T073558138_20260924T083558138_KO.DARE..HHE_3_sac/KO.DARE..HHZ_20260924T0735575400000_0002.sac,SAC,KOERI___archive,KO,DARE,HHZ,1441756,f1a1d591
KOERI___archive/KO.DARE/20260924T083558138_20260924T084058138_KO.DARE..HHE_3.mseed,MiniSEED,KOERI___archive,KO,DARE,HHE,139264,6abdfde6
KOERI___archive/KO.DARE/20260924T083558138_20260924T084058138_KO.DARE..HHE_3_sac/KO.DARE..HHE_20260924T0835552400000_0000.sac,SAC,KOERI___archive,KO,DARE,HHE,123040,3a2ef304
KOERI___archive/KO.DARE/20260924T083558138_20260924T084058138_KO.DARE..HHE_3_sac/KO.DARE..HHN_20260924T0835569300000_0001.sac,SAC,KOERI___archive,KO,DARE,HHN,121448,8ec346ae
KOERI___archive/KO.DARE/20260924T083558138_20260924T084058138_KO.DARE..HHE_3_sac/KO.DARE..HHZ_20260924T0835568300000_0002.sac,SAC,KOERI___archive,KO,DARE,HHZ,121508,3ec773a8
KOERI___archive/KO.DARE/response.stationxml,StationXML,KOERI___archive,response,stationxml,,182544,30a5205e
KOERI___archive/KO.DYBB/20260924T073558138_20260924T083558138_KO.DYBB..HHE_3.mseed,MiniSEED,KOERI___archive,KO,DYBB,HHE,2442752,5c67c59b
KOERI___archive/KO.DYBB/20260924T073558138_20260924T083558138_KO.DYBB..HHE_3_sac/KO.DYBB..HHE_20260924T0735564300000_0000.sac,SAC,KOERI___archive,KO,DYBB,HHE,1441620,301dfbdf
KOERI___archive/KO.DYBB/20260924T073558138_20260924T083558138_KO.DYBB..HHE_3_sac/KO.DYBB..HHN_20260924T0735563400000_0001.sac,SAC,KOERI___archive,KO,DYBB,HHN,1441876,3dbd2f74
KOERI___archive/KO.DYBB/20260924T073558138_20260924T083558138_KO.DYBB..HHE_3_sac/KO.DYBB..HHZ_20260924T0735576200000_0002.sac,SAC,KOERI___archive,KO,DYBB,HHZ,1441180,42396f60
KOERI___archive/KO.DYBB/20260924T083558138_20260924T084058138_KO.DYBB..HHE_3.mseed,MiniSEED,KOERI___archive,KO,DYBB,HHE,202752,1db96fd2
KOERI___archive/KO.DYBB/20260924T083558138_20260924T084058138_KO.DYBB..HHE_3_sac/KO.DYBB..HHE_20260924T0835565000000_0000.sac,SAC,KOERI___archive,KO,DYBB,HHE,121924,51e665e0
KOERI___archive/KO.DYBB/20260924T083558138_20260924T084058138_KO.DYBB..HHE_3_sac/KO.DYBB..HHN_20260924T0835570300000_0001.sac,SAC,KOERI___archive,KO,DYBB,HHN,121928,dbeb8a2d
KOERI___archive/KO.DYBB/20260924T083558138_20260924T084058138_KO.DYBB..HHE_3_sac/KO.DYBB..HHZ_20260924T0835561900000_0002.sac,SAC,KOERI___archive,KO,DYBB,HHZ,121464,29dbd4e2
KOERI___archive/KO.DYBB/response.stationxml,StationXML,KOERI___archive,response,stationxml,,163856,6b7a9835
KOERI___archive/KO.GAZ/20260924T073558138_20260924T083558138_KO.GAZ..HHE_3.mseed,MiniSEED,KOERI___archive,KO,GAZ,HHE,2043904,3812fca3
KOERI___archive/KO.GAZ/20260924T073558138_20260924T083558138_KO.GAZ..HHE_3_sac/KO.GAZ..HHE_20260924T0735567900000_0000.sac,SAC,KOERI___archive,KO,GAZ,HHE,1441240,3299a70b
KOERI___archive/KO.GAZ/20260924T073558138_20260924T083558138_KO.GAZ..HHE_3_sac/KO.GAZ..HHN_20260924T0735576400000_0001.sac,SAC,KOERI___archive,KO,GAZ,HHN,1441568,b09f9810
KOERI___archive/KO.GAZ/20260924T073558138_20260924T083558138_KO.GAZ..HHE_3_sac/KO.GAZ..HHZ_20260924T0735568200000_0002.sac,SAC,KOERI___archive,KO,GAZ,HHZ,1441356,db5ade7a
KOERI___archive/KO.GAZ/20260924T083558138_20260924T084058138_KO.GAZ..HHE_3.mseed,MiniSEED,KOERI___archive,KO,GAZ,HHE,160768,c2bd3433
KOERI___archive/KO.GAZ/20260924T083558138_20260924T084058138_KO.GAZ..HHE_3_sac/KO.GAZ..HHE_20260924T0835556500000_0000.sac,SAC,KOERI___archive,KO,GAZ,HHE,122164,2f2bd579
KOERI___archive/KO.GAZ/20260924T083558138_20260924T084058138_KO.GAZ..HHE_3_sac/KO.GAZ..HHN_20260924T0835577000000_0001.sac,SAC,KOERI___archive,KO,GAZ,HHN,121728,0ad3c4fa
KOERI___archive/KO.GAZ/20260924T083558138_20260924T084058138_KO.GAZ..HHE_3_sac/KO.GAZ..HHZ_20260924T0835552500000_0002.sac,SAC,KOERI___archive,KO,GAZ,HHZ,122116,8cd1f7b7
KOERI___archive/KO.GAZ/response.stationxml,StationXML,KOERI___archive,response,stationxml,,163872,2c663611
KOERI___archive/KO.KBAN/response.stationxml,StationXML,KOERI___archive,response,stationxml,,203358,012b0e96
KOERI___archive/KO.KHMN/20260924T073558138_20260924T083558138_KO.KHMN..HNE_3.mseed,MiniSEED,KOERI___archive,KO,KHMN,HNE,1694720,05c1bca6
KOERI___archive/KO.KHMN/20260924T073558138_20260924T083558138_KO.KHMN..HNE_3_sac/KO.KHMN..HNE_20260924T0735580700000_0000.sac,SAC,KOERI___archive,KO,KHMN,HNE,5804,5fabd9fb
KOERI___archive/KO.KHMN/20260924T073558138_20260924T083558138_KO.KHMN..HNE_3_sac/KO.KHMN..HNE_20260924T0736110000000_0002.sac,SAC,KOERI___archive,KO,KHMN,HNE,2632,bdfc66c7
KOERI___archive/KO.KHMN/20260924T073558138_20260924T083558138_KO.KHMN..HNE_3_sac/KO.KHMN..HNE_20260924T0736160000000_0001.sac,SAC,KOERI___archive,KO,KHMN,HNE,2632,1952df2e
KOERI___archive/KO.KHMN/20260924T073558138_20260924T083558138_KO.KHMN..HNE_3_sac/KO.KHMN..HNE_20260924T0736210000000_0003.sac,SAC,KOERI___archive,KO,KHMN,HNE,20632,80124abb
KOERI___archive/KO.KHMN/20260924T073558138_20260924T083558138_KO.KHMN..HNE_3_sac/KO.KHMN..HNE_20260924T0737110000000_0005.sac,SAC,KOERI___archive,KO,KHMN,HNE,2632,12e8bd94
KOERI___archive/KO.KHMN/20260924T073558138_20260924T083558138_KO.KHMN..HNE_3_sac/KO.KHMN..HNE_20260924T0737160000000_0004.sac,SAC,KOERI___archive,KO,KHMN,HNE,2632,9343fa46
KOERI___archive/KO.KHMN/20260924T073558138_20260924T083558138_KO.KHMN..HNE_3_sac/KO.KHMN..HNE_20260924T0737210000000_0006.sac,SAC,KOERI___archive,KO,KHMN,HNE,24632,90a404a0
KOERI___archive/KO.KHMN/20260924T073558138_20260924T083558138_KO.KHMN..HNE_3_sac/KO.KHMN..HNE_20260924T0738210000000_0008.sac,SAC,KOERI___archive,KO,KHMN,HNE,2632,0284c6eb
KOERI___archive/KO.KHMN/20260924T073558138_20260924T083558138_KO.KHMN..HNE_3_sac/KO.KHMN..HNE_20260924T0738260000000_0007.sac,SAC,KOERI___archive,KO,KHMN,HNE,2632,22a27c89
KOERI___archive/KO.KHMN/20260924T073558138_20260924T083558138_KO.KHMN..HNE_3_sac/KO.KHMN..HNE_20260924T0738310000000_0009.sac,SAC,KOERI___archive,KO,KHMN,HNE,30632,b306e231
KOERI___archive/KO.KHMN/20260924T073558138_20260924T083558138_KO.KHMN..HNE_3_sac/KO.KHMN..HNE_20260924T0739460000000_0011.sac,SAC,KOERI___archive,KO,KHMN,HNE,2632,ed0c2226
KOERI___archive/KO.KHMN/20260924T073558138_20260924T083558138_KO.KHMN..HNE_3_sac/KO.KHMN..HNE_20260924T0739510000000_0010.sac,SAC,KOERI___archive,KO,KHMN,HNE,2632,1f0a09c1
KOERI___archive/KO.KHMN/20260924T073558138_20260924T083558138_KO.KHMN..HNE_3_sac/KO.KHMN..HNE_20260924T0739560000000_0012.sac,SAC,KOERI___archive,KO,KHMN,HNE,882632,553e80d9
KOERI___archive/KO.KHMN/20260924T073558138_20260924T083558138_KO.KHMN..HNE_3_sac/KO.KHMN..HNE_20260924T0816410000000_0014.sac,SAC,KOERI___archive,KO,KHMN,HNE,4632,6e895598
KOERI___archive/KO.KHMN/20260924T073558138_20260924T083558138_KO.KHMN..HNE_3_sac/KO.KHMN..HNE_20260924T0816510000000_0016.sac,SAC,KOERI___archive,KO,KHMN,HNE,2632,05dbbeb6
KOERI___archive/KO.KHMN/20260924T073558138_20260924T083558138_KO.KHMN..HNE_3_sac/KO.KHMN..HNE_20260924T0816560000000_0013.sac,SAC,KOERI___archive,KO,KHMN,HNE,2632,7fce7e61
KOERI___archive/KO.KHMN/20260924T073558138_20260924T083558138_KO.KHMN..HNE_3_sac/KO.KHMN..HNE_20260924T0817010000000_0015.sac,SAC,KOERI___archive,KO,KHMN,HNE,2632,f1b6fa82
KOERI___archive/KO.KHMN/20260924T073558138_20260924T083558138_KO.KHMN..HNE_3_sac/KO.KHMN..HNE_20260924T0817060000000_0017.sac,SAC,KOERI___archive,KO,KHMN,HNE,4632,4cd86fd3
KOERI___archive/KO.KHMN/20260924T073558138_20260924T083558138_KO.KHMN..HNE_3_sac/KO.KHMN..HNE_20260924T0817160000000_0019.sac,SAC,KOERI___archive,KO,KHMN,HNE,4632,86d67e07
KOERI___archive/KO.KHMN/20260924T073558138_20260924T083558138_KO.KHMN..HNE_3_sac/KO.KHMN..HNE_20260924T0817260000000_0018.sac,SAC,KOERI___archive,KO,KHMN,HNE,4632,306f1212
KOERI___archive/KO.KHMN/20260924T073558138_20260924T083558138_KO.KHMN..HNE_3_sac/KO.KHMN..HNE_20260924T0817360000000_0020.sac,SAC,KOERI___archive,KO,KHMN,HNE,152632,adc13a1c
KOERI___archive/KO.KHMN/20260924T073558138_20260924T083558138_KO.KHMN..HNE_3_sac/KO.KHMN..HNE_20260924T0823560000000_0022.sac,SAC,KOERI___archive,KO,KHMN,HNE,2632,bee06b8a
KOERI___archive/KO.KHMN/20260924T073558138_20260924T083558138_KO.KHMN..HNE_3_sac/KO.KHMN..HNE_20260924T0824010000000_0021.sac,SAC,KOERI___archive,KO,KHMN,HNE,2632,12b19e7f
KOERI___archive/KO.KHMN/20260924T073558138_20260924T083558138_KO.KHMN..HNE_3_sac/KO.KHMN..HNE_20260924T0824060000000_0023.sac,SAC,KOERI___archive,KO,KHMN,HNE,184632,edf42e92
KOERI___archive/KO.KHMN/20260924T073558138_20260924T083558138_KO.KHMN..HNE_3_sac/KO.KHMN..HNE_20260924T0831460000000_0025.sac,SAC,KOERI___archive,KO,KHMN,HNE,2632,1a839eef
KOERI___archive/KO.KHMN/20260924T073558138_20260924T083558138_KO.KHMN..HNE_3_sac/KO.KHMN..HNE_20260924T0831510000000_0024.sac,SAC,KOERI___archive,KO,KHMN,HNE,2632,938f70a2
KOERI___archive/KO.KHMN/20260924T073558138_20260924T083558138_KO.KHMN..HNE_3_sac/KO.KHMN..HNE_20260924T0831560000000_0052.sac,SAC,KOERI___archive,KO,KHMN,HNE,98356,35555ae5
KOERI___archive/KO.KHMN/20260924T073558138_20260924T083558138_KO.KHMN..HNE_3_sac/KO.KHMN..HNN_20260924T0735565500000_0026.sac,SAC,KOERI___archive,KO,KHMN,HNN,44412,ee64342e
KOERI___archive/KO.KHMN/20260924T073558138_20260924T083558138_KO.KHMN..HNE_3_sac/KO.KHMN..HNN_20260924T0737460000000_0028.sac,SAC,KOERI___archive,KO,KHMN,HNN,2632,bb478f39
KOERI___archive/KO.KHMN/20260924T073558138_20260924T083558138_KO.KHMN..HNE_3_sac/KO.KHMN..HNN_20260924T0737510000000_0027.sac,SAC,KOERI___archive,KO,KHMN,HNN,4632,b4e64082
KOERI___archive/KO.KHMN/20260924T073558138_20260924T083558138_KO.KHMN..HNE_3_sac/KO.KHMN..HNN_20260924T0738010000000_0029.sac,SAC,KOERI___archive,KO,KHMN,HNN,326632,d477a501
KOERI___archive/KO.KHMN/20260924T073558138_20260924T083558138_KO.KHMN..HNE_3_sac/KO.KHMN..HNN_20260924T0751360000000_0031.sac,SAC,KOERI___archive,KO,KHMN,HNN,2632,6c138f1c
KOERI___archive/KO.KHMN/20260924T073558138_20260924T083558138_KO.KHMN..HNE_3_sac/KO.KHMN..HNN_20260924T0751410000000_0030.sac,SAC,KOERI___archive,KO,KHMN,HNN,4632,5757cd6f
KOERI___archive/KO.KHMN/20260924T073558138_20260924T083558138_KO.KHMN..HNE_3_sac/KO.KHMN..HNN_20260924T0751510000000_0032.sac,SAC,KOERI___archive,KO,KHMN,HNN,598632,bfa157c7
KOERI___archive/KO.KHMN/20260924T073558138_20260924T083558138_KO.KHMN..HNE_3_sac/KO.KHMN..HNN_20260924T0816460000000_0034.sac,SAC,KOERI___archive,KO,KHMN,HNN,2632,bd33e5ef
KOERI___archive/KO.KHMN/20260924T073558138_20260924T083558138_KO.KHMN..HNE_3_sac/KO.KHMN..HNN_20260924T0816510000000_0036.sac,SAC,KOERI___archive,KO,KHMN,HNN,2632,5f2c7d58
KOERI___archive/KO.KHMN/20260924T073558138_20260924T083558138_KO.KHMN..HNE_3_sac/KO.KHMN..HNN_20260924T0816560000000_0033.sac,SAC,KOERI___archive,KO,KHMN,HNN,2632,24245208
KOERI___archive/KO.KHMN/20260924T073558138_20260924T083558138_KO.KHMN..HNE_3_sac/KO.KHMN..HNN_20260924T0817010000000_0035.sac,SAC,KOERI___archive,KO,KHMN,HNN,2632,56ffb632
KOERI___archive/KO.KHMN/20260924T073558138_20260924T083558138_KO.KHMN..HNE_3_sac/KO.KHMN..HNN_20260924T0817060000000_0037.sac,SAC,KOERI___archive,KO,KHMN,HNN,4632,da83c1ca
KOERI___archive/KO.KHMN/20260924T073558138_20260924T083558138_KO.KHMN..HNE_3_sac/KO.KHMN..HNN_20260924T0817160000000_0039.sac,SAC,KOERI___archive,KO,KHMN,HNN,2632,1e0407c1
KOERI___archive/KO.KHMN/20260924T073558138_20260924T083558138_KO.KHMN..HNE_3_sac/KO.KHMN..HNN_20260924T0817210000000_0041.sac,SAC,KOERI___archive,KO,KHMN,HNN,2632,89f96b62
KOERI___archive/KO.KHMN/20260924T073558138_20260924T083558138_KO.KHMN..HNE_3_sac/KO.KHMN..HNN_20260924T0817260000000_0038.sac,SAC,KOERI___archive,KO,KHMN,HNN,4632,b4302598
KOERI___archive/KO.KHMN/20260924T073558138_20260924T083558138_KO.KHMN..HNE_3_sac/KO.KHMN..HNN_20260924T0817360000000_0040.sac,SAC,KOERI___archive,KO,KHMN,HNN,2632,06418008
KOERI___archive/KO.KHMN/20260924T073558138_20260924T083558138_KO.KHMN..HNE_3_sac/KO.KHMN..HNN_20260924T0817410000000_0053.sac,SAC,KOERI___archive,KO,KHMN,HNN,440676,1cc1cc57
KOERI___archive/KO.KHMN/20260924T073558138_20260924T083558138_KO.KHMN..HNE_3_sac/KO.KHMN..HNZ_20260924T0735555300000_0042.sac,SAC,KOERI___archive,KO,KHMN,HNZ,980820,177851d8
KOERI___archive/KO.KHMN/20260924T073558138_20260924T083558138_KO.KHMN..HNE_3_sac/KO.KHMN..HNZ_20260924T0816460000000_0044.sac,SAC,KOERI___archive,KO,KHMN,HNZ,2632,148a176a
KOERI___archive/KO.KHMN/20260924T073558138_20260924T083558138_KO.KHMN..HNE_3_sac/KO.KHMN..HNZ_20260924T0816510000000_0046.sac,SAC,KOERI___archive,KO,KHMN,HNZ,2632,37a06480
KOERI___archive/KO.KHMN/20260924T073558138_20260924T083558138_KO.KHMN..HNE_3_sac/KO.KHMN..HNZ_20260924T0816560000000_0043.sac,SAC,KOERI___archive,KO,KHMN,HNZ,2632,1e5a57dc
KOERI___archive/KO.KHMN/20260924T073558138_20260924T083558138_KO.KHMN..HNE_3_sac/KO.KHMN..HNZ_20260924T0817010000000_0045.sac,SAC,KOERI___archive,KO,KHMN,HNZ,2632,52fd4335
KOERI___archive/KO.KHMN/20260924T073558138_20260924T083558138_KO.KHMN..HNE_3_sac/KO.KHMN..HNZ_20260924T0817060000000_0047.sac,SAC,KOERI___archive,KO,KHMN,HNZ,4632,c0885607
KOERI___archive/KO.KHMN/20260924T073558138_20260924T083558138_KO.KHMN..HNE_3_sac/KO.KHMN..HNZ_20260924T0817160000000_0049.sac,SAC,KOERI___archive,KO,KHMN,HNZ,2632,0fcb551f
KOERI___archive/KO.KHMN/20260924T073558138_20260924T083558138_KO.KHMN..HNE_3_sac/KO.KHMN..HNZ_20260924T0817210000000_0051.sac,SAC,KOERI___archive,KO,KHMN,HNZ,2632,55406c03
KOERI___archive/KO.KHMN/20260924T073558138_20260924T083558138_KO.KHMN..HNE_3_sac/KO.KHMN..HNZ_20260924T0817260000000_0048.sac,SAC,KOERI___archive,KO,KHMN,HNZ,4632,5c5aba5a
KOERI___archive/KO.KHMN/20260924T073558138_20260924T083558138_KO.KHMN..HNE_3_sac/KO.KHMN..HNZ_20260924T0817360000000_0050.sac,SAC,KOERI___archive,KO,KHMN,HNZ,2632,fa44af08
KOERI___archive/KO.KHMN/20260924T073558138_20260924T083558138_KO.KHMN..HNE_3_sac/KO.KHMN..HNZ_20260924T0817410000000_0054.sac,SAC,KOERI___archive,KO,KHMN,HNZ,440516,20f41ec6
KOERI___archive/KO.KHMN/20260924T083558138_20260924T084058138_KO.KHMN..HNE_3.mseed,MiniSEED,KOERI___archive,KO,KHMN,HNE,142336,ec4f8018
KOERI___archive/KO.KHMN/20260924T083558138_20260924T084058138_KO.KHMN..HNE_3_sac/KO.KHMN..HNE_20260924T0835567800000_0000.sac,SAC,KOERI___archive,KO,KHMN,HNE,4320,cfeb88f7
KOERI___archive/KO.KHMN/20260924T083558138_20260924T084058138_KO.KHMN..HNE_3_sac/KO.KHMN..HNE_20260924T0836060000000_0002.sac,SAC,KOERI___archive,KO,KHMN,HNE,2632,bc90c57a
KOERI___archive/KO.KHMN/20260924T083558138_20260924T084058138_KO.KHMN..HNE_3_sac/KO.KHMN..HNE_20260924T0836110000000_0001.sac,SAC,KOERI___archive,KO,KHMN,HNE,2632,3abfc686
KOERI___archive/KO.KHMN/20260924T083558138_20260924T084058138_KO.KHMN..HNE_3_sac/KO.KHMN..HNE_20260924T0836160000000_0003.sac,SAC,KOERI___archive,KO,KHMN,HNE,113564,b44da4bc
KOERI___archive/KO.KHMN/20260924T083558138_20260924T084058138_KO.KHMN..HNE_3_sac/KO.KHMN..HNN_20260924T0835577600000_0004.sac,SAC,KOERI___archive,KO,KHMN,HNN,121340,8c4d2b2e
KOERI___archive/KO.KHMN/20260924T083558138_20260924T084058138_KO.KHMN..HNE_3_sac/KO.KHMN..HNZ_20260924T0835575000000_0005.sac,SAC,KOERI___archive,KO,KHMN,HNZ,121776,718818b9
KOERI___archive/KO.KHMN/response.stationxml,StationXML,KOERI___archive,response,stationxml,,202646,a990ce84
KOERI___archive/KO.KMRS/20260924T073558138_20260924T083558138_KO.KMRS..HHE_3.mseed,MiniSEED,KOERI___archive,KO,KMRS,HHE,1914880,a7d3730a
KOERI___archive/KO.KMRS/20260924T073558138_20260924T083558138_KO.KMRS..HHE_3_sac/KO.KMRS..HHE_20260924T0735556700000_0000.sac,SAC,KOERI___archive,KO,KMRS,HHE,1442700,d2fc2787
KOERI___archive/KO.KMRS/20260924T073558138_20260924T083558138_KO.KMRS..HHE_3_sac/KO.KMRS..HHN_20260924T0735559600000_0001.sac,SAC,KOERI___archive,KO,KMRS,HHN,1441688,c4158c29
KOERI___archive/KO.KMRS/20260924T073558138_20260924T083558138_KO.KMRS..HHE_3_sac/KO.KMRS..HHZ_20260924T0735557700000_0002.sac,SAC,KOERI___archive,KO,KMRS,HHZ,1442648,838dfa21
KOERI___archive/KO.KMRS/20260924T083558138_20260924T084058138_KO.KMRS..HHE_3.mseed,MiniSEED,KOERI___archive,KO,KMRS,HHE,156672,d52bf156
KOERI___archive/KO.KMRS/20260924T083558138_20260924T084058138_KO.KMRS..HHE_3_sac/KO.KMRS..HHE_20260924T0835577600000_0000.sac,SAC,KOERI___archive,KO,KMRS,HHE,121904,2f3bfbc2
KOERI___archive/KO.KMRS/20260924T083558138_20260924T084058138_KO.KMRS..HHE_3_sac/KO.KMRS..HHN_20260924T0835553600000_0001.sac,SAC,KOERI___archive,KO,KMRS,HHN,121952,5504a9e1
KOERI___archive/KO.KMRS/20260924T083558138_20260924T084058138_KO.KMRS..HHE_3_sac/KO.KMRS..HHZ_20260924T0835575600000_0002.sac,SAC,KOERI___archive,KO,KMRS,HHZ,121820,b6a0e845
KOERI___archive/KO.KMRS/response.stationxml,StationXML,KOERI___archive,response,stationxml,,163838,6b3b3029
KOERI___archive/KO.LICE/response.stationxml,StationXML,KOERI___archive,response,stationxml,,208011,0e01a81a
KOERI___archive/KO.MAZI/20260924T073558138_20260924T083558138_KO.MAZI..HHE_3.mseed,MiniSEED,KOERI___archive,KO,MAZI,HHE,1947648,ea1b3b34
KOERI___archive/KO.MAZI/20260924T073558138_20260924T083558138_KO.MAZI..HHE_3_sac/KO.MAZI..HHE_20260924T0735553700000_0000.sac,SAC,KOERI___archive,KO,MAZI,HHE,1442296,b44a5391
KOERI___archive/KO.MAZI/20260924T073558138_20260924T083558138_KO.MAZI..HHE_3_sac/KO.MAZI..HHN_20260924T0735564600000_0001.sac,SAC,KOERI___archive,KO,MAZI,HHN,1442144,33162e50
KOERI___archive/KO.MAZI/20260924T073558138_20260924T083558138_KO.MAZI..HHE_3_sac/KO.MAZI..HHZ_20260924T0735572000000_0002.sac,SAC,KOERI___archive,KO,MAZI,HHZ,1441928,df22aa68
KOERI___archive/KO.MAZI/20260924T083558138_20260924T084058138_KO.MAZI..HHE_3.mseed,MiniSEED,KOERI___archive,KO,MAZI,HHE,152576,3ba4ae26
KOERI___archive/KO.MAZI/20260924T083558138_20260924T084058138_KO.MAZI..HHE_3_sac/KO.MAZI..HHE_20260924T0835563100000_0000.sac,SAC,KOERI___archive,KO,MAZI,HHE,121556,6d36b1ff
KOERI___archive/KO.MAZI/20260924T083558138_20260924T084058138_KO.MAZI..HHE_3_sac/KO.MAZI..HHN_20260924T0835574100000_0001.sac,SAC,KOERI___archive,KO,MAZI,HHN,121476,2c934baf
KOERI___archive/KO.MAZI/20260924T083558138_20260924T084058138_KO.MAZI..HHE_3_sac/KO.MAZI..HHZ_20260924T0835572500000_0002.sac,SAC,KOERI___archive,KO,MAZI,HHZ,121392,de233241
KOERI___archive/KO.MAZI/response.stationxml,StationXML,KOERI___archive,response,stationxml,,163865,fd968fe7
KOERI___archive/KO.MLTY/20260924T073558138_20260924T083558138_KO.MLTY..HHE_3.mseed,MiniSEED,KOERI___archive,KO,MLTY,HHE,1837056,eb3dedb8
KOERI___archive/KO.MLTY/20260924T073558138_20260924T083558138_KO.MLTY..HHE_3_sac/KO.MLTY..HHE_20260924T0735571100000_0000.sac,SAC,KOERI___archive,KO,MLTY,HHE,1441940,a1afff0f
KOERI___archive/KO.MLTY/20260924T073558138_20260924T083558138_KO.MLTY..HHE_3_sac/KO.MLTY..HHN_20260924T0735577600000_0001.sac,SAC,KOERI___archive,KO,MLTY,HHN,1441420,6740936e
KOERI___archive/KO.MLTY/20260924T073558138_20260924T083558138_KO.MLTY..HHE_3_sac/KO.MLTY..HHZ_20260924T0735567700000_0002.sac,SAC,KOERI___archive,KO,MLTY,HHZ,1442300,0588d7ee
KOERI___archive/KO.MLTY/20260924T083558138_20260924T084058138_KO.MLTY..HHE_3.mseed,MiniSEED,KOERI___archive,KO,MLTY,HHE,145408,7236ce47
KOERI___archive/KO.MLTY/20260924T083558138_20260924T084058138_KO.MLTY..HHE_3_sac/KO.MLTY..HHE_20260924T0835575400000_0000.sac,SAC,KOERI___archive,KO,MLTY,HHE,121300,9c8224bc
KOERI___archive/KO.MLTY/20260924T083558138_20260924T084058138_KO.MLTY..HHE_3_sac/KO.MLTY..HHN_20260924T0835571500000_0001.sac,SAC,KOERI___archive,KO,MLTY,HHN,121400,cf842b5c
KOERI___archive/KO.MLTY/20260924T083558138_20260924T084058138_KO.MLTY..HHE_3_sac/KO.MLTY..HHZ_20260924T0835577400000_0002.sac,SAC,KOERI___archive,KO,MLTY,HHZ,122056,33fbbbac
KOERI___archive/KO.MLTY/response.stationxml,StationXML,KOERI___archive,response,stationxml,,203352,90240b00
KOERI___archive/KO.NURH/20260924T073558138_20260924T083558138_KO.NURH..HHE_3.mseed,MiniSEED,KOERI___archive,KO,NURH,HHE,1619968,834650fe
KOERI___archive/KO.NURH/20260924T073558138_20260924T083558138_KO.NURH..HHE_3_sac/KO.NURH..HHE_20260924T0735561200000_0000.sac,SAC,KOERI___archive,KO,NURH,HHE,1442524,11a73d49
KOERI___archive/KO.NURH/20260924T073558138_20260924T083558138_KO.NURH..HHE_3_sac/KO.NURH..HHN_20260924T0735581000000_0001.sac,SAC,KOERI___archive,KO,NURH,HHN,1441516,2d18fed3
KOERI___archive/KO.NURH/20260924T073558138_20260924T083558138_KO.NURH..HHE_3_sac/KO.NURH..HHZ_20260924T0735551400000_0002.sac,SAC,KOERI___archive,KO,NURH,HHZ,1442992,12550475
KOERI___archive/KO.NURH/20260924T083558138_20260924T084058138_KO.NURH..HHE_3.mseed,MiniSEED,KOERI___archive,KO,NURH,HHE,126976,0128cfa4
KOERI___archive/KO.NURH/20260924T083558138_20260924T084058138_KO.NURH..HHE_3_sac/KO.NURH..HHE_20260924T0835570800000_0000.sac,SAC,KOERI___archive,KO,NURH,HHE,121396,75e4ccbf
KOERI___archive/KO.NURH/20260924T083558138_20260924T084058138_KO.NURH..HHE_3_sac/KO.NURH..HHN_20260924T0835569200000_0001.sac,SAC,KOERI___archive,KO,NURH,HHN,122052,24ae2b87
KOERI___archive/KO.NURH/20260924T083558138_20260924T084058138_KO.NURH..HHE_3_sac/KO.NURH..HHZ_20260924T0835568900000_0002.sac,SAC,KOERI___archive,KO,NURH,HHZ,122660,558b7757
KOERI___archive/KO.NURH/response.stationxml,StationXML,KOERI___archive,response,stationxml,,203368,18029464
KOERI___archive/KO.SINE/20260924T073558138_20260924T083558138_KO.SINE..HHE_3.mseed,MiniSEED,KOERI___archive,KO,SINE,HHE,2612736,35c3a9c3
KOERI___archive/KO.SINE/20260924T073558138_20260924T083558138_KO.SINE..HHE_3_sac/KO.SINE..HHE_20260924T0735566600000_0000.sac,SAC,KOERI___archive,KO,SINE,HHE,1441556,f15962d0
KOERI___archive/KO.SINE/20260924T073558138_20260924T083558138_KO.SINE..HHE_3_sac/KO.SINE..HHN_20260924T0735571800000_0001.sac,SAC,KOERI___archive,KO,SINE,HHN,1441612,90926cdc
KOERI___archive/KO.SINE/20260924T073558138_20260924T083558138_KO.SINE..HHE_3_sac/KO.SINE..HHZ_20260924T0735578700000_0002.sac,SAC,KOERI___archive,KO,SINE,HHZ,1441544,ff261478
KOERI___archive/KO.SINE/20260924T083558138_20260924T084058138_KO.SINE..HHE_3.mseed,MiniSEED,KOERI___archive,KO,SINE,HHE,224256,a8ec5424
KOERI___archive/KO.SINE/20260924T083558138_20260924T084058138_KO.SINE..HHE_3_sac/KO.SINE..HHE_20260924T0835568800000_0000.sac,SAC,KOERI___archive,KO,SINE,HHE,121260,2c7580ca
KOERI___archive/KO.SINE/20260924T083558138_20260924T084058138_KO.SINE..HHE_3_sac/KO.SINE..HHN_20260924T0835575700000_0001.sac,SAC,KOERI___archive,KO,SINE,HHN,121080,168f5147
KOERI___archive/KO.SINE/20260924T083558138_20260924T084058138_KO.SINE..HHE_3_sac/KO.SINE..HHZ_20260924T0835580900000_0002.sac,SAC,KOERI___archive,KO,SINE,HHZ,121432,90dc4c21
KOERI___archive/KO.SINE/response.stationxml,StationXML,KOERI___archive,response,stationxml,,203371,9935cb59
KOERI___archive/KO.SVRC/20260924T073558138_20260924T083558138_KO.SVRC..HHE_3.mseed,MiniSEED,KOERI___archive,KO,SVRC,HHE,1581568,fad56a7c
KOERI___archive/KO.SVRC/20260924T073558138_20260924T083558138_KO.SVRC..HHE_3_sac/KO.SVRC..HHE_20260924T0735560700000_0000.sac,SAC,KOERI___archive,KO,SVRC,HHE,1442856,7c211d31
KOERI___archive/KO.SVRC/20260924T073558138_20260924T083558138_KO.SVRC..HHE_3_sac/KO.SVRC..HHN_20260924T0735555200000_0001.sac,SAC,KOERI___archive,KO,SVRC,HHN,1442140,230ccf05
KOERI___archive/KO.SVRC/20260924T073558138_20260924T083558138_KO.SVRC..HHE_3_sac/KO.SVRC..HHZ_20260924T0735561500000_0002.sac,SAC,KOERI___archive,KO,SVRC,HHZ,1443224,f1df19f8
KOERI___archive/KO.SVRC/20260924T083558138_20260924T084058138_KO.SVRC..HHE_3.mseed,MiniSEED,KOERI___archive,KO,SVRC,HHE,110592,dd90af65
KOERI___archive/KO.SVRC/20260924T083558138_20260924T084058138_KO.SVRC..HHE_3_sac/KO.SVRC..HHE_20260924T0835572000000_0000.sac,SAC,KOERI___archive,KO,SVRC,HHE,122656,204b5b4a
KOERI___archive/KO.SVRC/20260924T083558138_20260924T084058138_KO.SVRC..HHE_3_sac/KO.SVRC..HHN_20260924T0835548000000_0001.sac,SAC,KOERI___archive,KO,SVRC,HHN,122152,57934f6e
KOERI___archive/KO.SVRC/20260924T083558138_20260924T084058138_KO.SVRC..HHE_3_sac/KO.SVRC..HHZ_20260924T0835578900000_0002.sac,SAC,KOERI___archive,KO,SVRC,HHZ,122120,5f5ae632
KOERI___archive/KO.SVRC/response.stationxml,StationXML,KOERI___archive,response,stationxml,,163860,704a6fd9
KOERI___archive/KO.URFA/response.stationxml,StationXML,KOERI___archive,response,stationxml,,182534,7142d8a4
RASPISHAKE___archive/AM.R9AC7/response.stationxml,StationXML,RASPISHAKE___archive,response,stationxml,,5410,c0a3e348
