Provider,Network,Station,Location,Channel,Latitude,Longitude,DistanceKm,SampleRate,EpochStart,EpochEnd
"KOERI / archive","KO","URFA","","HHE","37.4409","38.8213","5.06207992","100","2022-11-29T10:00:00",""
"KOERI / archive","KO","URFA","","HHN","37.4409","38.8213","5.06207992","100","2022-11-29T10:00:00",""
"KOERI / archive","KO","URFA","","HHZ","37.4409","38.8213","5.06207992","100","2022-11-29T10:00:00",""
"EarthScope / PRIMARY","GE","MALT","","BHE","38.3134","38.427299","100.84515209","20","2000-05-26T00:00:00.0000",""
"EarthScope / PRIMARY","GE","MALT","","BHN","38.3134","38.427299","100.84515209","20","2000-05-26T00:00:00.0000",""
"EarthScope / PRIMARY","GE","MALT","","BHZ","38.3134","38.427299","100.84515209","20","2000-05-26T00:00:00.0000",""
"EarthScope / PRIMARY","GE","MALT","","HHE","38.3134","38.427299","100.84515209","80","2000-05-26T00:00:00.0000",""
"EarthScope / PRIMARY","GE","MALT","","HHN","38.3134","38.427299","100.84515209","80","2000-05-26T00:00:00.0000",""
"EarthScope / PRIMARY","GE","MALT","","HHZ","38.3134","38.427299","100.84515209","80","2000-05-26T00:00:00.0000",""
"EarthScope / PRIMARY","GE","MALT","","LHE","38.3134","38.427299","100.84515209","1","2000-05-26T00:00:00.0000",""
"EarthScope / PRIMARY","GE","MALT","","LHN","38.3134","38.427299","100.84515209","1","2000-05-26T00:00:00.0000",""
"EarthScope / PRIMARY","GE","MALT","","LHZ","38.3134","38.427299","100.84515209","1","2000-05-26T00:00:00.0000",""
"EarthScope / PRIMARY","GE","MALT","","SHE","38.3134","38.427299","100.84515209","40","2000-05-26T00:00:00.0000",""
"EarthScope / PRIMARY","GE","MALT","","SHN","38.3134","38.427299","100.84515209","40","2000-05-26T00:00:00.0000",""
"EarthScope / PRIMARY","GE","MALT","","SHZ","38.3134","38.427299","100.84515209","40","2000-05-26T00:00:00.0000",""
"EarthScope / PRIMARY","GE","MALT","","VHE","38.3134","38.427299","100.84515209","0.1","2000-05-26T00:00:00.0000",""
"EarthScope / PRIMARY","GE","MALT","","VHN","38.3134","38.427299","100.84515209","0.1","2000-05-26T00:00:00.0000",""
"EarthScope / PRIMARY","GE","MALT","","VHZ","38.3134","38.427299","100.84515209","0.1","2000-05-26T00:00:00.0000",""
"EarthScope / PRIMARY","SY","MALT","S1","LXE","38.3134","38.427299","100.84515209","0.5","1900-01-01T00:00:00.0000",""
"EarthScope / PRIMARY","SY","MALT","S1","LXN","38.3134","38.427299","100.84515209","0.5","1900-01-01T00:00:00.0000",""
"EarthScope / PRIMARY","SY","MALT","S1","LXZ","38.3134","38.427299","100.84515209","0.5","1900-01-01T00:00:00.0000",""
"EarthScope / PRIMARY","SY","MALT","S3","MXE","38.3134","38.427299","100.84515209","6.192","1900-01-01T00:00:00.0000",""
"EarthScope / PRIMARY","SY","MALT","S3","MXN","38.3134","38.427299","100.84515209","6.192","1900-01-01T00:00:00.0000",""
"EarthScope / PRIMARY","SY","MALT","S3","MXZ","38.3134","38.427299","100.84515209","6.192","1900-01-01T00:00:00.0000",""
"KOERI / archive","KO","MLTY","","HHE","38.3223","38.4407","101.32732118","100","2025-07-22T12:00:00",""
"KOERI / archive","KO","MLTY","","HHN","38.3223","38.4407","101.32732118","100","2025-07-22T12:00:00",""
"KOERI / archive","KO","MLTY","","HHZ","38.3223","38.4407","101.32732118","100","2025-07-22T12:00:00",""
"KOERI / archive","KO","SVRC","","HHE","38.3775","39.306","107.81522357","100","2022-11-29T10:00:00",""
"KOERI / archive","KO","SVRC","","HHN","38.3775","39.306","107.81522357","100","2022-11-29T10:00:00",""
"KOERI / archive","KO","SVRC","","HHZ","38.3775","39.306","107.81522357","100","2022-11-29T10:00:00",""
"KOERI / archive","KO","DYBB","","HHE","37.9532","40.1393","124.43252838","100","2022-11-28T08:40:00",""
"KOERI / archive","KO","DYBB","","HHN","37.9532","40.1393","124.43252838","100","2022-11-28T08:40:00",""
"KOERI / archive","KO","DYBB","","HHZ","37.9532","40.1393","124.43252838","100","2022-11-28T08:40:00",""
"KOERI / archive","KO","AKDG","","HHE","38.3618","37.9703","125.94195745","100","2025-08-13T14:00:00",""
"KOERI / archive","KO","AKDG","","HHN","38.3618","37.9703","125.94195745","100","2025-08-13T14:00:00",""
"KOERI / archive","KO","AKDG","","HHZ","38.3618","37.9703","125.94195745","100","2025-08-13T14:00:00",""
"KOERI / archive","KO","NURH","","HHE","37.9693","37.4363","136.90997649","100","2024-10-15T11:00:00",""
"KOERI / archive","KO","NURH","","HHN","37.9693","37.4363","136.90997649","100","2024-10-15T11:00:00",""
"KOERI / archive","KO","NURH","","HHZ","37.9693","37.4363","136.90997649","100","2024-10-15T11:00:00",""
"KOERI / archive","KO","MAZI","","HHE","37.4593","40.4465","139.92058729","100","2022-11-28T10:00:00",""
"KOERI / archive","KO","MAZI","","HHN","37.4593","40.4465","139.92058729","100","2022-11-28T10:00:00",""
"KOERI / archive","KO","MAZI","","HHZ","37.4593","40.4465","139.92058729","100","2022-11-28T10:00:00",""
"RASPISHAKE / archive","AM","R9AC7","00","EHZ","37.04504505","37.29428442","146.62985889","100","2025-10-08T11:37:03.743",""
"KOERI / archive","KO","KBAN","","HHE","38.797","38.7278","147.61730979","100","2024-09-03T11:00:00",""
"KOERI / archive","KO","KBAN","","HHN","38.797","38.7278","147.61730979","100","2024-09-03T11:00:00",""
"KOERI / archive","KO","KBAN","","HHZ","38.797","38.7278","147.61730979","100","2024-09-03T11:00:00",""
"EarthScope / PRIMARY","SY","GAZ","S1","LXE","37.172199","37.209702","149.82910719","0.5","1900-01-01T00:00:00.0000",""
"EarthScope / PRIMARY","SY","GAZ","S1","LXN","37.172199","37.209702","149.82910719","0.5","1900-01-01T00:00:00.0000",""
"EarthScope / PRIMARY","SY","GAZ","S1","LXZ","37.172199","37.209702","149.82910719","0.5","1900-01-01T00:00:00.0000",""
"EarthScope / PRIMARY","SY","GAZ","S3","MXE","37.172199","37.209702","149.82910719","6.192","1900-01-01T00:00:00.0000",""
"EarthScope / PRIMARY","SY","GAZ","S3","MXN","37.172199","37.209702","149.82910719","6.192","1900-01-01T00:00:00.0000",""
"EarthScope / PRIMARY","SY","GAZ","S3","MXZ","37.172199","37.209702","149.82910719","6.192","1900-01-01T00:00:00.0000",""
"EarthScope / PRIMARY","KO","GAZ","","HHE","37.1721","37.2096","149.84045382","100","2022-02-03T08:54:00.0000",""
"EarthScope / PRIMARY","KO","GAZ","","HHN","37.1721","37.2096","149.84045382","100","2022-02-03T08:54:00.0000",""
"EarthScope / PRIMARY","KO","GAZ","","HHZ","37.1721","37.2096","149.84045382","100","2022-02-03T08:54:00.0000",""
"KOERI / archive","KO","GAZ","","HHE","37.1721","37.2096","149.84045382","100","2022-02-03T08:54:00",""
"KOERI / archive","KO","GAZ","","HHN","37.1721","37.2096","149.84045382","100","2022-02-03T08:54:00",""
"KOERI / archive","KO","GAZ","","HHZ","37.1721","37.2096","149.84045382","100","2022-02-03T08:54:00",""
"KOERI / archive","KO","KHMN","","HNE","37.3916","37.1574","150.71365558","100","2012-11-29T00:00:00",""
"KOERI / archive","KO","KHMN","","HNN","37.3916","37.1574","150.71365558","100","2012-11-29T00:00:00",""
"KOERI / archive","KO","KHMN","","HNZ","37.3916","37.1574","150.71365558","100","2012-11-29T00:00:00",""
"KOERI / archive","KO","ARGN","","HHE","38.7763","38.2639","153.98742862","100","2024-10-16T11:00:00",""
"KOERI / archive","KO","ARGN","","HHN","38.7763","38.2639","153.98742862","100","2024-10-16T11:00:00",""
"KOERI / archive","KO","ARGN","","HHZ","38.7763","38.2639","153.98742862","100","2024-10-16T11:00:00",""
"KOERI / archive","KO","DARE","","HHE","38.5712","37.4832","171.65201792","100","2022-11-28T08:30:00",""
"KOERI / archive","KO","DARE","","HHN","38.5712","37.4832","171.65201792","100","2022-11-28T08:30:00",""
"KOERI / archive","KO","DARE","","HHZ","38.5712","37.4832","171.65201792","100","2022-11-28T08:30:00",""
"KOERI / archive","KO","KMRS","","HHE","37.5087","36.9","173.07253743","100","2022-11-15T06:30:00",""
"KOERI / archive","KO","KMRS","","HHN","37.5087","36.9","173.07253743","100","2022-11-15T06:30:00",""
"KOERI / archive","KO","KMRS","","HHZ","37.5087","36.9","173.07253743","100","2022-11-15T06:30:00",""
"GEOFON / archive","GE","ARPR","","BHE","39.09289","38.33557","185.80906285","20","2014-01-23T00:00:00",""
"GEOFON / archive","GE","ARPR","","BHN","39.09289","38.33557","185.80906285","20","2014-01-23T00:00:00",""
"GEOFON / archive","GE","ARPR","","BHZ","39.09289","38.33557","185.80906285","20","2014-01-23T00:00:00",""
"GEOFON / archive","GE","ARPR","","BLE","39.09289","38.33557","185.80906285","20","2014-01-23T00:00:00",""
"GEOFON / archive","GE","ARPR","","BLN","39.09289","38.33557","185.80906285","20","2014-01-23T00:00:00",""
"GEOFON / archive","GE","ARPR","","BLZ","39.09289","38.33557","185.80906285","20","2014-01-23T00:00:00",""
"GEOFON / archive","GE","ARPR","","LHE","39.09289","38.33557","185.80906285","1","2014-01-23T00:00:00",""
"GEOFON / archive","GE","ARPR","","LHN","39.09289","38.33557","185.80906285","1","2014-01-23T00:00:00",""
"GEOFON / archive","GE","ARPR","","LHZ","39.09289","38.33557","185.80906285","1","2014-01-23T00:00:00",""
"GEOFON / archive","GE","ARPR","","LLE","39.09289","38.33557","185.80906285","1","2014-01-23T00:00:00",""
"GEOFON / archive","GE","ARPR","","LLN","39.09289","38.33557","185.80906285","1","2014-01-23T00:00:00",""
"GEOFON / archive","GE","ARPR","","LLZ","39.09289","38.33557","185.80906285","1","2014-01-23T00:00:00",""
"GEOFON / archive","GE","ARPR","","SHE","39.09289","38.33557","185.80906285","50","2014-01-23T00:00:00",""
"GEOFON / archive","GE","ARPR","","SHN","39.09289","38.33557","185.80906285","50","2014-01-23T00:00:00",""
"GEOFON / archive","GE","ARPR","","SHZ","39.09289","38.33557","185.80906285","50","2014-01-23T00:00:00",""
"GEOFON / archive","GE","ARPR","","SLE","39.09289","38.33557","185.80906285","50","2014-01-23T00:00:00",""
"GEOFON / archive","GE","ARPR","","SLN","39.09289","38.33557","185.80906285","50","2014-01-23T00:00:00",""
"GEOFON / archive","GE","ARPR","","SLZ","39.09289","38.33557","185.80906285","50","2014-01-23T00:00:00",""
"GEOFON / archive","GE","ARPR","","VHE","39.09289","38.33557","185.80906285","0.1","2014-01-23T00:00:00",""
"GEOFON / archive","GE","ARPR","","VHN","39.09289","38.33557","185.80906285","0.1","2014-01-23T00:00:00",""
"GEOFON / archive","GE","ARPR","","VHZ","39.09289","38.33557","185.80906285","0.1","2014-01-23T00:00:00",""
"EarthScope / PRIMARY","MN","ARPR","","BHE","39.09289","38.33557","185.80906285","20","2014-01-23T00:00:00.0000",""
"EarthScope / PRIMARY","MN","ARPR","","BHN","39.09289","38.33557","185.80906285","20","2014-01-23T00:00:00.0000",""
"EarthScope / PRIMARY","MN","ARPR","","BHZ","39.09289","38.33557","185.80906285","20","2014-01-23T00:00:00.0000",""
"EarthScope / PRIMARY","MN","ARPR","","LHE","39.09289","38.33557","185.80906285","1","2014-01-23T00:00:00.0000",""
"EarthScope / PRIMARY","MN","ARPR","","LHN","39.09289","38.33557","185.80906285","1","2014-01-23T00:00:00.0000",""
"EarthScope / PRIMARY","MN","ARPR","","LHZ","39.09289","38.33557","185.80906285","1","2014-01-23T00:00:00.0000",""
"EarthScope / PRIMARY","MN","ARPR","","VHE","39.09289","38.33557","185.80906285","0.1","2014-01-23T00:00:00.0000",""
"EarthScope / PRIMARY","MN","ARPR","","VHN","39.09289","38.33557","185.80906285","0.1","2014-01-23T00:00:00.0000",""
"EarthScope / PRIMARY","MN","ARPR","","VHZ","39.09289","38.33557","185.80906285","0.1","2014-01-23T00:00:00.0000",""
"INGV / archive","MN","ARPR","","BHE","39.09289","38.33557","185.80906285","20","2014-01-23T00:00:00",""
"INGV / archive","MN","ARPR","","BHN","39.09289","38.33557","185.80906285","20","2014-01-23T00:00:00",""
"INGV / archive","MN","ARPR","","BHZ","39.09289","38.33557","185.80906285","20","2014-01-23T00:00:00",""
"INGV / archive","MN","ARPR","","LHE","39.09289","38.33557","185.80906285","1","2014-01-23T00:00:00",""
"INGV / archive","MN","ARPR","","LHN","39.09289","38.33557","185.80906285","1","2014-01-23T00:00:00",""
"INGV / archive","MN","ARPR","","LHZ","39.09289","38.33557","185.80906285","1","2014-01-23T00:00:00",""
"INGV / archive","MN","ARPR","","VHE","39.09289","38.33557","185.80906285","0.1","2014-01-23T00:00:00",""
"INGV / archive","MN","ARPR","","VHN","39.09289","38.33557","185.80906285","0.1","2014-01-23T00:00:00",""
"INGV / archive","MN","ARPR","","VHZ","39.09289","38.33557","185.80906285","0.1","2014-01-23T00:00:00",""
"EarthScope / PRIMARY","SY","ARPR","S1","LXE","39.092892","38.335571","185.80925665","0.5","1900-01-01T00:00:00.0000",""
"EarthScope / PRIMARY","SY","ARPR","S1","LXN","39.092892","38.335571","185.80925665","0.5","1900-01-01T00:00:00.0000",""
"EarthScope / PRIMARY","SY","ARPR","S1","LXZ","39.092892","38.335571","185.80925665","0.5","1900-01-01T00:00:00.0000",""
"EarthScope / PRIMARY","SY","ARPR","S3","MXE","39.092892","38.335571","185.80925665","6.192","1900-01-01T00:00:00.0000",""
"EarthScope / PRIMARY","SY","ARPR","S3","MXN","39.092892","38.335571","185.80925665","6.192","1900-01-01T00:00:00.0000",""
"EarthScope / PRIMARY","SY","ARPR","S3","MXZ","39.092892","38.335571","185.80925665","6.192","1900-01-01T00:00:00.0000",""
"KOERI / archive","KO","ARPRA","","HNE","39.0929","38.3356","185.80949319","100","2018-09-12T11:00:00",""
"KOERI / archive","KO","ARPRA","","HNN","39.0929","38.3356","185.80949319","100","2018-09-12T11:00:00",""
"KOERI / archive","KO","ARPRA","","HNZ","39.0929","38.3356","185.80949319","100","2018-09-12T11:00:00",""
"KOERI / archive","KO","LICE","","HHE","38.4532","40.6446","190.54199651","100","2022-11-25T00:00:00",""
"KOERI / archive","KO","LICE","","HHN","38.4532","40.6446","190.54199651","100","2022-11-25T00:00:00",""
"KOERI / archive","KO","LICE","","HHZ","38.4532","40.6446","190.54199651","100","2022-11-25T00:00:00",""
"KOERI / archive","KO","SINE","","HHE","39.1636","39.3871","193.43819976","100","2023-06-15T08:05:00",""
"KOERI / archive","KO","SINE","","HHN","39.1636","39.3871","193.43819976","100","2023-06-15T08:05:00",""
"KOERI / archive","KO","SINE","","HHZ","39.1636","39.3871","193.43819976","100","2023-06-15T08:05:00",""