record_index,record_key,provider_folder,id,network,station,location,channel,sample_rate_hz,latitude,longitude,epicentral_km,distance_deg,azimuth_deg,takeoff_angle_deg,channel_dip_deg,predicted_p_time,refined_p_time,pick_method,auto_polarity,snr,confidence,response_status,accepted_auto,source_file
0,EarthScope___PRIMARY|KO.GAZ..HHZ|2026-09-24T07:35:58.140000Z,EarthScope___PRIMARY,KO.GAZ..HHZ,KO,GAZ,,HHZ,100.0,37.1721,37.2096,149.840454,1.347546,257.572987,45.93553907956423,-90.0,2026-09-24T07:41:22.991146Z,2026-09-24T07:41:22.620000Z,sta_lta,0.0,28.452066310392492,3.0755136159714507,ok,False,C:\Users\shahe\Desktop\Urfa quake\Hilvan_M53_Focal_Coulomb_Work\extracted_study\us6000tx9u_20260924_074058_20260924101757454\EarthScope___PRIMARY\KO.GAZ\20260924T073558138_20260924T083558138_KO.GAZ..HHE_3.mseed
1,GEOFON___archive|GE.ARPR..BHZ|2026-09-24T07:35:53.349998Z,GEOFON___archive,GE.ARPR..BHZ,GE,ARPR,,BHZ,20.0,39.09289,38.33557,185.809063,1.671019,345.867428,45.92937466883134,-90.0,2026-09-24T07:41:27.440254Z,2026-09-24T07:41:27.899998Z,sta_lta,0.0,41.72126488158601,5.640986258532792,ok,False,C:\Users\shahe\Desktop\Urfa quake\Hilvan_M53_Focal_Coulomb_Work\extracted_study\us6000tx9u_20260924_074058_20260924101757454\GEOFON___archive\GE.ARPR\20260924T073558138_20260924T083558138_GE.ARPR..BHE_21.mseed
2,GEOFON___archive|GE.ARPR..BLZ|2026-09-24T07:35:35.350000Z,GEOFON___archive,GE.ARPR..BLZ,GE,ARPR,,BLZ,20.0,39.09289,38.33557,185.809063,1.671019,345.867428,45.92937466883134,-90.0,2026-09-24T07:41:27.440254Z,2026-09-24T07:41:27.850000Z,sta_lta,0.0,46.07444015491562,5.271431506093839,ok,False,C:\Users\shahe\Desktop\Urfa quake\Hilvan_M53_Focal_Coulomb_Work\extracted_study\us6000tx9u_20260924_074058_20260924101757454\GEOFON___archive\GE.ARPR\20260924T073558138_20260924T083558138_GE.ARPR..BHE_21.mseed
3,GEOFON___archive|GE.ARPR..LHZ|2026-09-24T07:35:22.000000Z,GEOFON___archive,GE.ARPR..LHZ,GE,ARPR,,LHZ,1.0,39.09289,38.33557,185.809063,1.671019,345.867428,45.92937466883134,-90.0,2026-09-24T07:41:27.440254Z,2026-09-24T07:41:27.440254Z,taup,0.0,,,ok,False,C:\Users\shahe\Desktop\Urfa quake\Hilvan_M53_Focal_Coulomb_Work\extracted_study\us6000tx9u_20260924_074058_20260924101757454\GEOFON___archive\GE.ARPR\20260924T073558138_20260924T083558138_GE.ARPR..BHE_21.mseed
4,GEOFON___archive|GE.ARPR..LLZ|2026-09-24T07:35:44.000000Z,GEOFON___archive,GE.ARPR..LLZ,GE,ARPR,,LLZ,1.0,39.09289,38.33557,185.809063,1.671019,345.867428,45.92937466883134,-90.0,2026-09-24T07:41:27.440254Z,2026-09-24T07:41:27.440254Z,taup,0.0,,,ok,False,C:\Users\shahe\Desktop\Urfa quake\Hilvan_M53_Focal_Coulomb_Work\extracted_study\us6000tx9u_20260924_074058_20260924101757454\GEOFON___archive\GE.ARPR\20260924T073558138_20260924T083558138_GE.ARPR..BHE_21.mseed
5,GEOFON___archive|GE.ARPR..SHZ|2026-09-24T07:35:52.980000Z,GEOFON___archive,GE.ARPR..SHZ,GE,ARPR,,SHZ,50.0,39.09289,38.33557,185.809063,1.671019,345.867428,45.92937466883134,-90.0,2026-09-24T07:41:27.440254Z,2026-09-24T07:41:27.900000Z,sta_lta,0.0,42.380827215143206,4.966099620713758,ok,False,C:\Users\shahe\Desktop\Urfa quake\Hilvan_M53_Focal_Coulomb_Work\extracted_study\us6000tx9u_20260924_074058_20260924101757454\GEOFON___archive\GE.ARPR\20260924T073558138_20260924T083558138_GE.ARPR..BHE_21.mseed
6,GEOFON___archive|GE.ARPR..SLZ|2026-09-24T07:35:54.099998Z,GEOFON___archive,GE.ARPR..SLZ,GE,ARPR,,SLZ,50.0,39.09289,38.33557,185.809063,1.671019,345.867428,45.92937466883134,-90.0,2026-09-24T07:41:27.440254Z,2026-09-24T07:41:27.859998Z,sta_lta,0.0,50.86859197621275,5.692698584681543,ok,False,C:\Users\shahe\Desktop\Urfa quake\Hilvan_M53_Focal_Coulomb_Work\extracted_study\us6000tx9u_20260924_074058_20260924101757454\GEOFON___archive\GE.ARPR\20260924T073558138_20260924T083558138_GE.ARPR..BHE_21.mseed
7,,,GE.ARPR..VHZ,GE,ARPR,,VHZ,,,,185.809063,,345.867428,45.92937466883134,,,,,,,,sampling_too_low,False,
8,INGV___archive|MN.ARPR..BHZ|2026-09-24T07:35:53.349998Z,INGV___archive,MN.ARPR..BHZ,MN,ARPR,,BHZ,20.0,39.09289,38.33557,185.809063,1.671019,345.867428,45.92937466883134,-90.0,2026-09-24T07:41:27.440254Z,2026-09-24T07:41:27.899998Z,sta_lta,0.0,41.72410325192965,5.639598017704264,ok,False,C:\Users\shahe\Desktop\Urfa quake\Hilvan_M53_Focal_Coulomb_Work\extracted_study\us6000tx9u_20260924_074058_20260924101757454\INGV___archive\MN.ARPR\20260924T073558138_20260924T083558138_MN.ARPR..BHE_9.mseed
9,INGV___archive|MN.ARPR..LHZ|2026-09-24T07:35:22.000000Z,INGV___archive,MN.ARPR..LHZ,MN,ARPR,,LHZ,1.0,39.09289,38.33557,185.809063,1.671019,345.867428,45.92937466883134,-90.0,2026-09-24T07:41:27.440254Z,2026-09-24T07:41:27.440254Z,taup,0.0,,,ok,False,C:\Users\shahe\Desktop\Urfa quake\Hilvan_M53_Focal_Coulomb_Work\extracted_study\us6000tx9u_20260924_074058_20260924101757454\INGV___archive\MN.ARPR\20260924T073558138_20260924T083558138_MN.ARPR..BHE_9.mseed
10,,,MN.ARPR..VHZ,MN,ARPR,,VHZ,,,,185.809063,,345.867428,45.92937466883134,,,,,,,,sampling_too_low,False,
11,KOERI___archive|KO.AKDG..HHZ|2026-09-24T07:35:56.490000Z,KOERI___archive,KO.AKDG..HHZ,KO,AKDG,,HHZ,100.0,38.3618,37.9703,125.941957,1.132622,321.918612,62.98142841536021,-90.0,2026-09-24T07:41:19.799853Z,2026-09-24T07:41:19.950000Z,sta_lta,0.0,66.69094501175512,6.735235212063321,ok,False,C:\Users\shahe\Desktop\Urfa quake\Hilvan_M53_Focal_Coulomb_Work\extracted_study\us6000tx9u_20260924_074058_20260924101757454\KOERI___archive\KO.AKDG\20260924T073558138_20260924T083558138_KO.AKDG..HHE_3.mseed
12,KOERI___archive|KO.ARGN..HHZ|2026-09-24T07:35:56.660000Z,KOERI___archive,KO.ARGN..HHZ,KO,ARGN,,HHZ,100.0,38.7763,38.2639,153.987429,1.38484,340.349776,45.93553907956423,-90.0,2026-09-24T07:41:23.504097Z,2026-09-24T07:41:23.090000Z,sta_lta,1.0,25.6132737530315,5.205314082761831,ok,True,C:\Users\shahe\Desktop\Urfa quake\Hilvan_M53_Focal_Coulomb_Work\extracted_study\us6000tx9u_20260924_074058_20260924101757454\KOERI___archive\KO.ARGN\20260924T073558138_20260924T083558138_KO.ARGN..HHE_3.mseed
13,KOERI___archive|KO.ARPRA..HNZ|2026-09-24T07:35:54.180000Z,KOERI___archive,KO.ARPRA..HNZ,KO,ARPRA,,HNZ,100.0,39.0929,38.3356,185.809493,1.671023,345.868287,45.929374644674056,-90.0,2026-09-24T07:41:27.440309Z,2026-09-24T07:41:27.300000Z,sta_lta,-1.0,13.85640994805366,3.057791696257633,ok,False,C:\Users\shahe\Desktop\Urfa quake\Hilvan_M53_Focal_Coulomb_Work\extracted_study\us6000tx9u_20260924_074058_20260924101757454\KOERI___archive\KO.ARPRA\20260924T073558138_20260924T083558138_KO.ARPRA..HNE_3.mseed
14,KOERI___archive|KO.DARE..HHZ|2026-09-24T07:35:57.540000Z,KOERI___archive,KO.DARE..HHZ,KO,DARE,,HHZ,100.0,38.5712,37.4832,171.652018,1.543702,315.738937,45.93553907956423,-90.0,2026-09-24T07:41:25.689122Z,2026-09-24T07:41:25.090000Z,sta_lta,0.0,34.72674456409699,4.568527922240429,ok,False,C:\Users\shahe\Desktop\Urfa quake\Hilvan_M53_Focal_Coulomb_Work\extracted_study\us6000tx9u_20260924_074058_20260924101757454\KOERI___archive\KO.DARE\20260924T073558138_20260924T083558138_KO.DARE..HHE_3.mseed
15,KOERI___archive|KO.DYBB..HHZ|2026-09-24T07:35:57.620000Z,KOERI___archive,KO.DYBB..HHZ,KO,DYBB,,HHZ,100.0,37.9532,40.1393,124.432528,1.119047,64.233,62.98142841536021,-90.0,2026-09-24T07:41:19.568368Z,2026-09-24T07:41:19.930000Z,sta_lta,-1.0,30.51348163298253,5.062869091822099,ok,True,C:\Users\shahe\Desktop\Urfa quake\Hilvan_M53_Focal_Coulomb_Work\extracted_study\us6000tx9u_20260924_074058_20260924101757454\KOERI___archive\KO.DYBB\20260924T073558138_20260924T083558138_KO.DYBB..HHE_3.mseed
16,KOERI___archive|KO.GAZ..HHZ|2026-09-24T07:35:56.820000Z,KOERI___archive,KO.GAZ..HHZ,KO,GAZ,,HHZ,100.0,37.1721,37.2096,149.840454,1.347546,257.572987,45.93553907956423,-90.0,2026-09-24T07:41:22.991146Z,2026-09-24T07:41:22.620000Z,sta_lta,0.0,28.45206631039244,3.075513615971337,ok,False,C:\Users\shahe\Desktop\Urfa quake\Hilvan_M53_Focal_Coulomb_Work\extracted_study\us6000tx9u_20260924_074058_20260924101757454\KOERI___archive\KO.GAZ\20260924T073558138_20260924T083558138_KO.GAZ..HHE_3.mseed
17,KOERI___archive|KO.KHMN..HNZ|2026-09-24T07:35:55.530000Z,KOERI___archive,KO.KHMN..HNZ,KO,KHMN,,HNZ,100.0,37.3916,37.1574,150.713656,1.355399,267.049691,45.93553907956423,-90.0,2026-09-24T07:41:23.099158Z,2026-09-24T07:41:22.920000Z,sta_lta,0.0,14.524901912803555,2.9949644019575747,ok,False,C:\Users\shahe\Desktop\Urfa quake\Hilvan_M53_Focal_Coulomb_Work\extracted_study\us6000tx9u_20260924_074058_20260924101757454\KOERI___archive\KO.KHMN\20260924T073558138_20260924T083558138_KO.KHMN..HNE_3.mseed
18,KOERI___archive|KO.KMRS..HHZ|2026-09-24T07:35:55.770000Z,KOERI___archive,KO.KMRS..HHZ,KO,KMRS,,HHZ,100.0,37.5087,36.9,173.072537,1.556477,271.888901,45.93553907956423,-90.0,2026-09-24T07:41:25.864833Z,2026-09-24T07:41:26.010000Z,sta_lta,1.0,8.124253427666611,3.0780368712622708,ok,False,C:\Users\shahe\Desktop\Urfa quake\Hilvan_M53_Focal_Coulomb_Work\extracted_study\us6000tx9u_20260924_074058_20260924101757454\KOERI___archive\KO.KMRS\20260924T073558138_20260924T083558138_KO.KMRS..HHE_3.mseed
19,KOERI___archive|KO.MAZI..HHZ|2026-09-24T07:35:57.200000Z,KOERI___archive,KO.MAZI..HHZ,KO,MAZI,,HHZ,100.0,37.4593,40.4465,139.920587,1.258334,90.168901,45.93553907956423,-90.0,2026-09-24T07:41:21.764103Z,2026-09-24T07:41:21.730000Z,sta_lta,0.0,21.306572626174706,4.252979289101154,ok,False,C:\Users\shahe\Desktop\Urfa quake\Hilvan_M53_Focal_Coulomb_Work\extracted_study\us6000tx9u_20260924_074058_20260924101757454\KOERI___archive\KO.MAZI\20260924T073558138_20260924T083558138_KO.MAZI..HHE_3.mseed
20,KOERI___archive|KO.MLTY..HHZ|2026-09-24T07:35:56.770000Z,KOERI___archive,KO.MLTY..HHZ,KO,MLTY,,HHZ,100.0,38.3223,38.4407,101.327321,0.911257,338.774712,95.18444690700504,-90.0,2026-09-24T07:41:15.679238Z,2026-09-24T07:41:14.830000Z,sta_lta,0.0,27.164200854445266,4.645413126125866,ok,False,C:\Users\shahe\Desktop\Urfa quake\Hilvan_M53_Focal_Coulomb_Work\extracted_study\us6000tx9u_20260924_074058_20260924101757454\KOERI___archive\KO.MLTY\20260924T073558138_20260924T083558138_KO.MLTY..HHE_3.mseed
21,KOERI___archive|KO.NURH..HHZ|2026-09-24T07:35:55.140000Z,KOERI___archive,KO.NURH..HHZ,KO,NURH,,HHZ,100.0,37.9693,37.4363,136.909976,1.231259,294.174934,45.93553907956423,-90.0,2026-09-24T07:41:21.391707Z,2026-09-24T07:41:21.420000Z,sta_lta,-1.0,9.671758689062633,3.3093497303838433,ok,False,C:\Users\shahe\Desktop\Urfa quake\Hilvan_M53_Focal_Coulomb_Work\extracted_study\us6000tx9u_20260924_074058_20260924101757454\KOERI___archive\KO.NURH\20260924T073558138_20260924T083558138_KO.NURH..HHE_3.mseed
22,KOERI___archive|KO.SINE..HHZ|2026-09-24T07:35:57.870000Z,KOERI___archive,KO.SINE..HHZ,KO,SINE,,HHZ,100.0,39.1636,39.3871,193.4382,1.739629,13.557689,45.92896031258786,-90.0,2026-09-24T07:41:28.383877Z,2026-09-24T07:41:28.550000Z,sta_lta,0.0,31.971177213345104,5.284556353264038,ok,False,C:\Users\shahe\Desktop\Urfa quake\Hilvan_M53_Focal_Coulomb_Work\extracted_study\us6000tx9u_20260924_074058_20260924101757454\KOERI___archive\KO.SINE\20260924T073558138_20260924T083558138_KO.SINE..HHE_3.mseed
23,KOERI___archive|KO.SVRC..HHZ|2026-09-24T07:35:56.150000Z,KOERI___archive,KO.SVRC..HHZ,KO,SVRC,,HHZ,100.0,38.3775,39.306,107.815224,0.969604,21.078088,94.82326346595373,-90.0,2026-09-24T07:41:16.791834Z,2026-09-24T07:41:16.630000Z,sta_lta,1.0,44.10389947949339,4.5685827221422235,ok,True,C:\Users\shahe\Desktop\Urfa quake\Hilvan_M53_Focal_Coulomb_Work\extracted_study\us6000tx9u_20260924_074058_20260924101757454\KOERI___archive\KO.SVRC\20260924T073558138_20260924T083558138_KO.SVRC..HHE_3.mseed
