strike,dip,rake,weighted_misfit,misfit_fraction,polarity_errors
118.0,66.0,-50.0,0.0,0.0,0
118.0,66.0,-48.0,0.0,0.0,0
118.0,68.0,-48.0,0.0,0.0,0
120.0,66.0,-50.0,0.0,0.0,0
120.0,66.0,-48.0,0.0,0.0,0
120.0,68.0,-48.0,0.0,0.0,0
122.0,64.0,-52.0,0.0,0.0,0
122.0,64.0,-50.0,0.0,0.0,0
122.0,64.0,-48.0,0.0,0.0,0
122.0,66.0,-50.0,0.0,0.0,0
122.0,66.0,-48.0,0.0,0.0,0
122.0,68.0,-48.0,0.0,0.0,0
122.0,70.0,-48.0,0.0,0.0,0
122.0,72.0,-46.0,0.0,0.0,0
124.0,62.0,-54.0,0.0,0.0,0
124.0,62.0,-52.0,0.0,0.0,0
124.0,62.0,-50.0,0.0,0.0,0
124.0,62.0,-48.0,0.0,0.0,0
124.0,64.0,-52.0,0.0,0.0,0
124.0,64.0,-50.0,0.0,0.0,0
124.0,64.0,-48.0,0.0,0.0,0
124.0,66.0,-50.0,0.0,0.0,0
124.0,66.0,-48.0,0.0,0.0,0
124.0,66.0,-46.0,0.0,0.0,0
124.0,68.0,-50.0,0.0,0.0,0
124.0,68.0,-48.0,0.0,0.0,0
124.0,68.0,-46.0,0.0,0.0,0
124.0,70.0,-48.0,0.0,0.0,0
124.0,70.0,-46.0,0.0,0.0,0
124.0,72.0,-46.0,0.0,0.0,0
126.0,60.0,-56.0,0.0,0.0,0
126.0,60.0,-54.0,0.0,0.0,0
126.0,60.0,-52.0,0.0,0.0,0
126.0,60.0,-50.0,0.0,0.0,0
126.0,60.0,-48.0,0.0,0.0,0
126.0,62.0,-54.0,0.0,0.0,0
126.0,62.0,-52.0,0.0,0.0,0
126.0,62.0,-50.0,0.0,0.0,0
126.0,62.0,-48.0,0.0,0.0,0
126.0,62.0,-46.0,0.0,0.0,0
126.0,64.0,-52.0,0.0,0.0,0
126.0,64.0,-50.0,0.0,0.0,0
126.0,64.0,-48.0,0.0,0.0,0
126.0,64.0,-46.0,0.0,0.0,0
126.0,66.0,-50.0,0.0,0.0,0
126.0,66.0,-48.0,0.0,0.0,0
126.0,66.0,-46.0,0.0,0.0,0
126.0,68.0,-50.0,0.0,0.0,0
126.0,68.0,-48.0,0.0,0.0,0
126.0,68.0,-46.0,0.0,0.0,0
126.0,70.0,-48.0,0.0,0.0,0
126.0,70.0,-46.0,0.0,0.0,0
126.0,72.0,-46.0,0.0,0.0,0
128.0,60.0,-54.0,0.0,0.0,0
128.0,60.0,-52.0,0.0,0.0,0
128.0,60.0,-50.0,0.0,0.0,0
128.0,60.0,-48.0,0.0,0.0,0
128.0,60.0,-46.0,0.0,0.0,0
128.0,62.0,-54.0,0.0,0.0,0
128.0,62.0,-52.0,0.0,0.0,0
128.0,62.0,-50.0,0.0,0.0,0
128.0,62.0,-48.0,0.0,0.0,0
128.0,62.0,-46.0,0.0,0.0,0
128.0,64.0,-52.0,0.0,0.0,0
128.0,64.0,-50.0,0.0,0.0,0
128.0,64.0,-48.0,0.0,0.0,0
128.0,64.0,-46.0,0.0,0.0,0
128.0,66.0,-50.0,0.0,0.0,0
128.0,66.0,-48.0,0.0,0.0,0
128.0,66.0,-46.0,0.0,0.0,0
128.0,68.0,-50.0,0.0,0.0,0
128.0,68.0,-48.0,0.0,0.0,0
128.0,68.0,-46.0,0.0,0.0,0
128.0,70.0,-48.0,0.0,0.0,0
128.0,70.0,-46.0,0.0,0.0,0
128.0,72.0,-48.0,0.0,0.0,0
128.0,72.0,-46.0,0.0,0.0,0
130.0,58.0,-56.0,0.0,0.0,0
130.0,58.0,-54.0,0.0,0.0,0
130.0,58.0,-52.0,0.0,0.0,0
130.0,58.0,-50.0,0.0,0.0,0
130.0,58.0,-48.0,0.0,0.0,0
130.0,58.0,-46.0,0.0,0.0,0
130.0,60.0,-54.0,0.0,0.0,0
130.0,60.0,-52.0,0.0,0.0,0
130.0,60.0,-50.0,0.0,0.0,0
130.0,60.0,-48.0,0.0,0.0,0
130.0,60.0,-46.0,0.0,0.0,0
130.0,62.0,-54.0,0.0,0.0,0
130.0,62.0,-52.0,0.0,0.0,0
130.0,62.0,-50.0,0.0,0.0,0
130.0,62.0,-48.0,0.0,0.0,0
130.0,62.0,-46.0,0.0,0.0,0
130.0,64.0,-52.0,0.0,0.0,0
130.0,64.0,-50.0,0.0,0.0,0
130.0,64.0,-48.0,0.0,0.0,0
130.0,64.0,-46.0,0.0,0.0,0
130.0,66.0,-50.0,0.0,0.0,0
130.0,66.0,-48.0,0.0,0.0,0
130.0,66.0,-46.0,0.0,0.0,0
130.0,68.0,-50.0,0.0,0.0,0
130.0,68.0,-48.0,0.0,0.0,0
130.0,68.0,-46.0,0.0,0.0,0
130.0,68.0,-44.0,0.0,0.0,0
130.0,70.0,-48.0,0.0,0.0,0
130.0,70.0,-46.0,0.0,0.0,0
130.0,70.0,-44.0,0.0,0.0,0
130.0,72.0,-48.0,0.0,0.0,0
130.0,72.0,-46.0,0.0,0.0,0
130.0,72.0,-44.0,0.0,0.0,0
132.0,58.0,-56.0,0.0,0.0,0
132.0,58.0,-54.0,0.0,0.0,0
132.0,58.0,-52.0,0.0,0.0,0
132.0,58.0,-50.0,0.0,0.0,0
132.0,58.0,-48.0,0.0,0.0,0
132.0,58.0,-46.0,0.0,0.0,0
132.0,60.0,-54.0,0.0,0.0,0
132.0,60.0,-52.0,0.0,0.0,0
132.0,60.0,-50.0,0.0,0.0,0
132.0,60.0,-48.0,0.0,0.0,0
132.0,60.0,-46.0,0.0,0.0,0
132.0,60.0,-44.0,0.0,0.0,0
132.0,62.0,-54.0,0.0,0.0,0
132.0,62.0,-52.0,0.0,0.0,0
132.0,62.0,-50.0,0.0,0.0,0
132.0,62.0,-48.0,0.0,0.0,0
132.0,62.0,-46.0,0.0,0.0,0
132.0,62.0,-44.0,0.0,0.0,0
132.0,64.0,-52.0,0.0,0.0,0
132.0,64.0,-50.0,0.0,0.0,0
132.0,64.0,-48.0,0.0,0.0,0
132.0,64.0,-46.0,0.0,0.0,0
132.0,64.0,-44.0,0.0,0.0,0
132.0,66.0,-50.0,0.0,0.0,0
132.0,66.0,-48.0,0.0,0.0,0
132.0,66.0,-46.0,0.0,0.0,0
132.0,66.0,-44.0,0.0,0.0,0
132.0,68.0,-50.0,0.0,0.0,0
132.0,68.0,-48.0,0.0,0.0,0
132.0,68.0,-46.0,0.0,0.0,0
132.0,68.0,-44.0,0.0,0.0,0
132.0,70.0,-48.0,0.0,0.0,0
132.0,70.0,-46.0,0.0,0.0,0
132.0,70.0,-44.0,0.0,0.0,0
132.0,72.0,-48.0,0.0,0.0,0
132.0,72.0,-46.0,0.0,0.0,0
132.0,72.0,-44.0,0.0,0.0,0
134.0,56.0,-58.0,0.0,0.0,0
134.0,56.0,-56.0,0.0,0.0,0
134.0,56.0,-54.0,0.0,0.0,0
134.0,56.0,-52.0,0.0,0.0,0
134.0,56.0,-50.0,0.0,0.0,0
134.0,56.0,-48.0,0.0,0.0,0
134.0,56.0,-46.0,0.0,0.0,0
134.0,56.0,-44.0,0.0,0.0,0
134.0,58.0,-56.0,0.0,0.0,0
134.0,58.0,-54.0,0.0,0.0,0
134.0,58.0,-52.0,0.0,0.0,0
134.0,58.0,-50.0,0.0,0.0,0
134.0,58.0,-48.0,0.0,0.0,0
134.0,58.0,-46.0,0.0,0.0,0
134.0,58.0,-44.0,0.0,0.0,0
134.0,60.0,-54.0,0.0,0.0,0
134.0,60.0,-52.0,0.0,0.0,0
134.0,60.0,-50.0,0.0,0.0,0
134.0,60.0,-48.0,0.0,0.0,0
134.0,60.0,-46.0,0.0,0.0,0
134.0,60.0,-44.0,0.0,0.0,0
134.0,62.0,-54.0,0.0,0.0,0
134.0,62.0,-52.0,0.0,0.0,0
134.0,62.0,-50.0,0.0,0.0,0
134.0,62.0,-48.0,0.0,0.0,0
134.0,62.0,-46.0,0.0,0.0,0
134.0,62.0,-44.0,0.0,0.0,0
134.0,64.0,-52.0,0.0,0.0,0
134.0,64.0,-50.0,0.0,0.0,0
134.0,64.0,-48.0,0.0,0.0,0
134.0,64.0,-46.0,0.0,0.0,0
134.0,64.0,-44.0,0.0,0.0,0
134.0,66.0,-50.0,0.0,0.0,0
134.0,66.0,-48.0,0.0,0.0,0
134.0,66.0,-46.0,0.0,0.0,0
134.0,66.0,-44.0,0.0,0.0,0
134.0,68.0,-50.0,0.0,0.0,0
134.0,68.0,-48.0,0.0,0.0,0
134.0,68.0,-46.0,0.0,0.0,0
134.0,68.0,-44.0,0.0,0.0,0
134.0,70.0,-48.0,0.0,0.0,0
134.0,70.0,-46.0,0.0,0.0,0
134.0,70.0,-44.0,0.0,0.0,0
134.0,72.0,-42.0,0.0,0.0,0
134.0,72.0,-40.0,0.0,0.0,0
134.0,72.0,-38.0,0.0,0.0,0
134.0,72.0,-36.0,0.0,0.0,0
134.0,72.0,-34.0,0.0,0.0,0
136.0,56.0,-56.0,0.0,0.0,0
136.0,56.0,-54.0,0.0,0.0,0
136.0,56.0,-52.0,0.0,0.0,0
136.0,56.0,-50.0,0.0,0.0,0
136.0,56.0,-48.0,0.0,0.0,0
136.0,56.0,-46.0,0.0,0.0,0
136.0,56.0,-44.0,0.0,0.0,0
136.0,58.0,-56.0,0.0,0.0,0
136.0,58.0,-54.0,0.0,0.0,0
136.0,58.0,-52.0,0.0,0.0,0
136.0,58.0,-50.0,0.0,0.0,0
136.0,58.0,-48.0,0.0,0.0,0
136.0,58.0,-46.0,0.0,0.0,0
136.0,58.0,-44.0,0.0,0.0,0
136.0,60.0,-54.0,0.0,0.0,0
136.0,60.0,-52.0,0.0,0.0,0
136.0,60.0,-50.0,0.0,0.0,0
136.0,60.0,-48.0,0.0,0.0,0
136.0,60.0,-46.0,0.0,0.0,0
136.0,60.0,-44.0,0.0,0.0,0
136.0,62.0,-54.0,0.0,0.0,0
136.0,62.0,-52.0,0.0,0.0,0
136.0,62.0,-50.0,0.0,0.0,0
136.0,62.0,-48.0,0.0,0.0,0
136.0,62.0,-46.0,0.0,0.0,0
136.0,62.0,-44.0,0.0,0.0,0
136.0,64.0,-52.0,0.0,0.0,0
136.0,64.0,-50.0,0.0,0.0,0
136.0,64.0,-48.0,0.0,0.0,0
136.0,64.0,-46.0,0.0,0.0,0
136.0,64.0,-44.0,0.0,0.0,0
136.0,64.0,-42.0,0.0,0.0,0
136.0,66.0,-50.0,0.0,0.0,0
136.0,66.0,-48.0,0.0,0.0,0
136.0,66.0,-46.0,0.0,0.0,0
136.0,66.0,-44.0,0.0,0.0,0
136.0,66.0,-42.0,0.0,0.0,0
136.0,68.0,-50.0,0.0,0.0,0
136.0,68.0,-48.0,0.0,0.0,0
136.0,68.0,-46.0,0.0,0.0,0
136.0,68.0,-44.0,0.0,0.0,0
136.0,68.0,-42.0,0.0,0.0,0
136.0,70.0,-40.0,0.0,0.0,0
136.0,70.0,-38.0,0.0,0.0,0
136.0,70.0,-36.0,0.0,0.0,0
136.0,70.0,-34.0,0.0,0.0,0
136.0,72.0,-40.0,0.0,0.0,0
136.0,72.0,-38.0,0.0,0.0,0
136.0,72.0,-36.0,0.0,0.0,0
136.0,72.0,-34.0,0.0,0.0,0
138.0,54.0,-58.0,0.0,0.0,0
138.0,54.0,-56.0,0.0,0.0,0
138.0,54.0,-54.0,0.0,0.0,0
138.0,54.0,-52.0,0.0,0.0,0
138.0,54.0,-50.0,0.0,0.0,0
138.0,54.0,-48.0,0.0,0.0,0
138.0,54.0,-46.0,0.0,0.0,0
138.0,54.0,-44.0,0.0,0.0,0
138.0,54.0,-42.0,0.0,0.0,0
138.0,56.0,-56.0,0.0,0.0,0
138.0,56.0,-54.0,0.0,0.0,0
138.0,56.0,-52.0,0.0,0.0,0
138.0,56.0,-50.0,0.0,0.0,0
138.0,56.0,-48.0,0.0,0.0,0
138.0,56.0,-46.0,0.0,0.0,0
138.0,56.0,-44.0,0.0,0.0,0
138.0,56.0,-42.0,0.0,0.0,0
138.0,58.0,-56.0,0.0,0.0,0
138.0,58.0,-54.0,0.0,0.0,0
138.0,58.0,-52.0,0.0,0.0,0
138.0,58.0,-50.0,0.0,0.0,0
138.0,58.0,-48.0,0.0,0.0,0
138.0,58.0,-46.0,0.0,0.0,0
138.0,58.0,-44.0,0.0,0.0,0
138.0,58.0,-42.0,0.0,0.0,0
138.0,60.0,-54.0,0.0,0.0,0
138.0,60.0,-52.0,0.0,0.0,0
138.0,60.0,-50.0,0.0,0.0,0
138.0,60.0,-48.0,0.0,0.0,0
138.0,60.0,-46.0,0.0,0.0,0
138.0,60.0,-44.0,0.0,0.0,0
138.0,60.0,-42.0,0.0,0.0,0
138.0,62.0,-52.0,0.0,0.0,0
138.0,62.0,-50.0,0.0,0.0,0
138.0,62.0,-48.0,0.0,0.0,0
138.0,62.0,-46.0,0.0,0.0,0
138.0,62.0,-44.0,0.0,0.0,0
138.0,62.0,-42.0,0.0,0.0,0
138.0,64.0,-52.0,0.0,0.0,0
138.0,64.0,-50.0,0.0,0.0,0
138.0,64.0,-48.0,0.0,0.0,0
138.0,64.0,-46.0,0.0,0.0,0
138.0,64.0,-44.0,0.0,0.0,0
138.0,64.0,-42.0,0.0,0.0,0
138.0,66.0,-50.0,0.0,0.0,0
138.0,66.0,-48.0,0.0,0.0,0
138.0,66.0,-46.0,0.0,0.0,0
138.0,66.0,-44.0,0.0,0.0,0
138.0,66.0,-42.0,0.0,0.0,0
138.0,68.0,-40.0,0.0,0.0,0
138.0,68.0,-38.0,0.0,0.0,0
138.0,68.0,-36.0,0.0,0.0,0
138.0,68.0,-34.0,0.0,0.0,0
138.0,68.0,-32.0,0.0,0.0,0
138.0,70.0,-40.0,0.0,0.0,0
138.0,70.0,-38.0,0.0,0.0,0
138.0,70.0,-36.0,0.0,0.0,0
138.0,70.0,-34.0,0.0,0.0,0
138.0,70.0,-32.0,0.0,0.0,0
138.0,72.0,-40.0,0.0,0.0,0
138.0,72.0,-38.0,0.0,0.0,0
138.0,72.0,-36.0,0.0,0.0,0
138.0,72.0,-34.0,0.0,0.0,0
138.0,72.0,-32.0,0.0,0.0,0
140.0,54.0,-56.0,0.0,0.0,0
140.0,54.0,-54.0,0.0,0.0,0
140.0,54.0,-52.0,0.0,0.0,0
140.0,54.0,-50.0,0.0,0.0,0
140.0,54.0,-48.0,0.0,0.0,0
140.0,54.0,-46.0,0.0,0.0,0
140.0,54.0,-44.0,0.0,0.0,0
140.0,54.0,-42.0,0.0,0.0,0
140.0,56.0,-56.0,0.0,0.0,0
140.0,56.0,-54.0,0.0,0.0,0
140.0,56.0,-52.0,0.0,0.0,0
140.0,56.0,-50.0,0.0,0.0,0
140.0,56.0,-48.0,0.0,0.0,0
140.0,56.0,-46.0,0.0,0.0,0
140.0,56.0,-44.0,0.0,0.0,0
140.0,56.0,-42.0,0.0,0.0,0
140.0,58.0,-54.0,0.0,0.0,0
140.0,58.0,-52.0,0.0,0.0,0
140.0,58.0,-50.0,0.0,0.0,0
140.0,58.0,-48.0,0.0,0.0,0
140.0,58.0,-46.0,0.0,0.0,0
140.0,58.0,-44.0,0.0,0.0,0
140.0,58.0,-42.0,0.0,0.0,0
140.0,60.0,-54.0,0.0,0.0,0
140.0,60.0,-52.0,0.0,0.0,0
140.0,60.0,-50.0,0.0,0.0,0
140.0,60.0,-48.0,0.0,0.0,0
140.0,60.0,-46.0,0.0,0.0,0
140.0,60.0,-44.0,0.0,0.0,0
140.0,60.0,-42.0,0.0,0.0,0
140.0,62.0,-52.0,0.0,0.0,0
140.0,62.0,-50.0,0.0,0.0,0
140.0,62.0,-48.0,0.0,0.0,0
140.0,62.0,-46.0,0.0,0.0,0
140.0,62.0,-44.0,0.0,0.0,0
140.0,62.0,-42.0,0.0,0.0,0
140.0,64.0,-52.0,0.0,0.0,0
140.0,64.0,-50.0,0.0,0.0,0
140.0,64.0,-48.0,0.0,0.0,0
140.0,64.0,-46.0,0.0,0.0,0
140.0,64.0,-44.0,0.0,0.0,0
140.0,64.0,-42.0,0.0,0.0,0
140.0,66.0,-40.0,0.0,0.0,0
140.0,66.0,-38.0,0.0,0.0,0
140.0,66.0,-36.0,0.0,0.0,0
140.0,66.0,-34.0,0.0,0.0,0
140.0,66.0,-32.0,0.0,0.0,0
140.0,68.0,-40.0,0.0,0.0,0
140.0,68.0,-38.0,0.0,0.0,0
140.0,68.0,-36.0,0.0,0.0,0
140.0,68.0,-34.0,0.0,0.0,0
140.0,68.0,-32.0,0.0,0.0,0
140.0,70.0,-40.0,0.0,0.0,0
140.0,70.0,-38.0,0.0,0.0,0
140.0,70.0,-36.0,0.0,0.0,0
140.0,70.0,-34.0,0.0,0.0,0
140.0,70.0,-32.0,0.0,0.0,0
140.0,72.0,-40.0,0.0,0.0,0
140.0,72.0,-38.0,0.0,0.0,0
140.0,72.0,-36.0,0.0,0.0,0
140.0,72.0,-34.0,0.0,0.0,0
140.0,72.0,-32.0,0.0,0.0,0
142.0,52.0,-46.0,0.0,0.0,0
142.0,52.0,-44.0,0.0,0.0,0
142.0,52.0,-42.0,0.0,0.0,0
142.0,54.0,-52.0,0.0,0.0,0
142.0,54.0,-50.0,0.0,0.0,0
142.0,54.0,-48.0,0.0,0.0,0
142.0,54.0,-46.0,0.0,0.0,0
142.0,54.0,-44.0,0.0,0.0,0
142.0,54.0,-42.0,0.0,0.0,0
142.0,54.0,-40.0,0.0,0.0,0
142.0,56.0,-56.0,0.0,0.0,0
142.0,56.0,-54.0,0.0,0.0,0
142.0,56.0,-52.0,0.0,0.0,0
142.0,56.0,-50.0,0.0,0.0,0
142.0,56.0,-48.0,0.0,0.0,0
142.0,56.0,-46.0,0.0,0.0,0
142.0,56.0,-44.0,0.0,0.0,0
142.0,56.0,-42.0,0.0,0.0,0
142.0,56.0,-40.0,0.0,0.0,0
142.0,58.0,-54.0,0.0,0.0,0
142.0,58.0,-52.0,0.0,0.0,0
142.0,58.0,-50.0,0.0,0.0,0
142.0,58.0,-48.0,0.0,0.0,0
142.0,58.0,-46.0,0.0,0.0,0
142.0,58.0,-44.0,0.0,0.0,0
142.0,58.0,-42.0,0.0,0.0,0
142.0,58.0,-40.0,0.0,0.0,0
142.0,60.0,-54.0,0.0,0.0,0
142.0,60.0,-52.0,0.0,0.0,0
142.0,60.0,-50.0,0.0,0.0,0
142.0,60.0,-48.0,0.0,0.0,0
142.0,60.0,-46.0,0.0,0.0,0
142.0,60.0,-44.0,0.0,0.0,0
142.0,60.0,-42.0,0.0,0.0,0
142.0,60.0,-40.0,0.0,0.0,0
142.0,62.0,-52.0,0.0,0.0,0
142.0,62.0,-50.0,0.0,0.0,0
142.0,62.0,-48.0,0.0,0.0,0
142.0,62.0,-46.0,0.0,0.0,0
142.0,62.0,-44.0,0.0,0.0,0
142.0,62.0,-42.0,0.0,0.0,0
142.0,62.0,-40.0,0.0,0.0,0
142.0,64.0,-52.0,0.0,0.0,0
142.0,64.0,-50.0,0.0,0.0,0
142.0,64.0,-48.0,0.0,0.0,0
142.0,64.0,-46.0,0.0,0.0,0
142.0,64.0,-44.0,0.0,0.0,0
142.0,64.0,-42.0,0.0,0.0,0
142.0,64.0,-40.0,0.0,0.0,0
142.0,66.0,-38.0,0.0,0.0,0
142.0,66.0,-36.0,0.0,0.0,0
142.0,66.0,-34.0,0.0,0.0,0
142.0,66.0,-32.0,0.0,0.0,0
142.0,68.0,-38.0,0.0,0.0,0
142.0,68.0,-36.0,0.0,0.0,0
142.0,68.0,-34.0,0.0,0.0,0
142.0,68.0,-32.0,0.0,0.0,0
142.0,70.0,-38.0,0.0,0.0,0
142.0,70.0,-36.0,0.0,0.0,0
142.0,70.0,-34.0,0.0,0.0,0
142.0,70.0,-32.0,0.0,0.0,0
142.0,72.0,-38.0,0.0,0.0,0
142.0,72.0,-36.0,0.0,0.0,0
142.0,72.0,-34.0,0.0,0.0,0
142.0,72.0,-32.0,0.0,0.0,0
124.0,74.0,-46.0,0.0,0.0,0
124.0,82.0,-42.0,0.0,0.0,0
124.0,82.0,-40.0,0.0,0.0,0
124.0,84.0,-40.0,0.0,0.0,0
126.0,74.0,-46.0,0.0,0.0,0
126.0,80.0,-42.0,0.0,0.0,0
126.0,80.0,-40.0,0.0,0.0,0
126.0,82.0,-42.0,0.0,0.0,0
126.0,82.0,-40.0,0.0,0.0,0
126.0,84.0,-42.0,0.0,0.0,0
126.0,84.0,-40.0,0.0,0.0,0
126.0,86.0,-40.0,0.0,0.0,0
126.0,88.0,-40.0,0.0,0.0,0
128.0,74.0,-46.0,0.0,0.0,0
128.0,76.0,-46.0,0.0,0.0,0
128.0,78.0,-44.0,0.0,0.0,0
128.0,78.0,-42.0,0.0,0.0,0
128.0,78.0,-40.0,0.0,0.0,0
128.0,78.0,-38.0,0.0,0.0,0
128.0,80.0,-44.0,0.0,0.0,0
128.0,80.0,-42.0,0.0,0.0,0
128.0,80.0,-40.0,0.0,0.0,0
128.0,80.0,-38.0,0.0,0.0,0
128.0,82.0,-42.0,0.0,0.0,0
128.0,82.0,-40.0,0.0,0.0,0
128.0,82.0,-38.0,0.0,0.0,0
128.0,84.0,-42.0,0.0,0.0,0
128.0,84.0,-40.0,0.0,0.0,0
128.0,86.0,-42.0,0.0,0.0,0
128.0,86.0,-40.0,0.0,0.0,0
128.0,88.0,-40.0,0.0,0.0,0
128.0,90.0,-40.0,0.0,0.0,0
130.0,74.0,-46.0,0.0,0.0,0
130.0,74.0,-44.0,0.0,0.0,0
130.0,76.0,-42.0,0.0,0.0,0
130.0,76.0,-40.0,0.0,0.0,0
130.0,76.0,-38.0,0.0,0.0,0
130.0,76.0,-36.0,0.0,0.0,0
130.0,78.0,-42.0,0.0,0.0,0
130.0,78.0,-40.0,0.0,0.0,0
130.0,78.0,-38.0,0.0,0.0,0
130.0,80.0,-42.0,0.0,0.0,0
130.0,80.0,-40.0,0.0,0.0,0
130.0,80.0,-38.0,0.0,0.0,0
130.0,82.0,-42.0,0.0,0.0,0
130.0,82.0,-40.0,0.0,0.0,0
130.0,82.0,-38.0,0.0,0.0,0
130.0,84.0,-42.0,0.0,0.0,0
130.0,84.0,-40.0,0.0,0.0,0
130.0,84.0,-38.0,0.0,0.0,0
130.0,86.0,-42.0,0.0,0.0,0
130.0,86.0,-40.0,0.0,0.0,0
130.0,86.0,-38.0,0.0,0.0,0
130.0,88.0,-42.0,0.0,0.0,0
130.0,88.0,-40.0,0.0,0.0,0
130.0,90.0,-40.0,0.0,0.0,0
132.0,74.0,-42.0,0.0,0.0,0
132.0,74.0,-40.0,0.0,0.0,0
132.0,74.0,-38.0,0.0,0.0,0
132.0,74.0,-36.0,0.0,0.0,0
132.0,76.0,-42.0,0.0,0.0,0
132.0,76.0,-40.0,0.0,0.0,0
132.0,76.0,-38.0,0.0,0.0,0
132.0,76.0,-36.0,0.0,0.0,0
132.0,78.0,-42.0,0.0,0.0,0
132.0,78.0,-40.0,0.0,0.0,0
132.0,78.0,-38.0,0.0,0.0,0
132.0,78.0,-36.0,0.0,0.0,0
132.0,80.0,-42.0,0.0,0.0,0
132.0,80.0,-40.0,0.0,0.0,0
132.0,80.0,-38.0,0.0,0.0,0
132.0,80.0,-36.0,0.0,0.0,0
132.0,82.0,-42.0,0.0,0.0,0
132.0,82.0,-40.0,0.0,0.0,0
132.0,82.0,-38.0,0.0,0.0,0
132.0,84.0,-42.0,0.0,0.0,0
132.0,84.0,-40.0,0.0,0.0,0
132.0,84.0,-38.0,0.0,0.0,0
132.0,86.0,-42.0,0.0,0.0,0
132.0,86.0,-40.0,0.0,0.0,0
132.0,86.0,-38.0,0.0,0.0,0
132.0,88.0,-42.0,0.0,0.0,0
132.0,88.0,-40.0,0.0,0.0,0
132.0,88.0,-38.0,0.0,0.0,0
132.0,90.0,-42.0,0.0,0.0,0
132.0,90.0,-40.0,0.0,0.0,0
134.0,74.0,-42.0,0.0,0.0,0
134.0,74.0,-40.0,0.0,0.0,0
134.0,74.0,-38.0,0.0,0.0,0
134.0,74.0,-36.0,0.0,0.0,0
134.0,74.0,-34.0,0.0,0.0,0
134.0,76.0,-42.0,0.0,0.0,0
134.0,76.0,-40.0,0.0,0.0,0
134.0,76.0,-38.0,0.0,0.0,0
134.0,76.0,-36.0,0.0,0.0,0
134.0,76.0,-34.0,0.0,0.0,0
134.0,78.0,-42.0,0.0,0.0,0
134.0,78.0,-40.0,0.0,0.0,0
134.0,78.0,-38.0,0.0,0.0,0
134.0,78.0,-36.0,0.0,0.0,0
134.0,80.0,-42.0,0.0,0.0,0
134.0,80.0,-40.0,0.0,0.0,0
134.0,80.0,-38.0,0.0,0.0,0
134.0,80.0,-36.0,0.0,0.0,0
134.0,82.0,-42.0,0.0,0.0,0
134.0,82.0,-40.0,0.0,0.0,0
134.0,82.0,-38.0,0.0,0.0,0
134.0,82.0,-36.0,0.0,0.0,0
134.0,84.0,-42.0,0.0,0.0,0
134.0,84.0,-40.0,0.0,0.0,0
134.0,84.0,-38.0,0.0,0.0,0
134.0,84.0,-36.0,0.0,0.0,0
134.0,86.0,-42.0,0.0,0.0,0
134.0,86.0,-40.0,0.0,0.0,0
134.0,86.0,-38.0,0.0,0.0,0
134.0,88.0,-42.0,0.0,0.0,0
134.0,88.0,-40.0,0.0,0.0,0
134.0,88.0,-38.0,0.0,0.0,0
134.0,90.0,-42.0,0.0,0.0,0
134.0,90.0,-40.0,0.0,0.0,0
134.0,90.0,-38.0,0.0,0.0,0
136.0,74.0,-40.0,0.0,0.0,0
136.0,74.0,-38.0,0.0,0.0,0
136.0,74.0,-36.0,0.0,0.0,0
136.0,74.0,-34.0,0.0,0.0,0
136.0,76.0,-42.0,0.0,0.0,0
136.0,76.0,-40.0,0.0,0.0,0
136.0,76.0,-38.0,0.0,0.0,0
136.0,76.0,-36.0,0.0,0.0,0
136.0,76.0,-34.0,0.0,0.0,0
136.0,78.0,-42.0,0.0,0.0,0
136.0,78.0,-40.0,0.0,0.0,0
136.0,78.0,-38.0,0.0,0.0,0
136.0,78.0,-36.0,0.0,0.0,0
136.0,78.0,-34.0,0.0,0.0,0
136.0,80.0,-42.0,0.0,0.0,0
136.0,80.0,-40.0,0.0,0.0,0
136.0,80.0,-38.0,0.0,0.0,0
136.0,80.0,-36.0,0.0,0.0,0
136.0,80.0,-34.0,0.0,0.0,0
136.0,82.0,-42.0,0.0,0.0,0
136.0,82.0,-40.0,0.0,0.0,0
136.0,82.0,-38.0,0.0,0.0,0
136.0,82.0,-36.0,0.0,0.0,0
136.0,84.0,-42.0,0.0,0.0,0
136.0,84.0,-40.0,0.0,0.0,0
136.0,84.0,-38.0,0.0,0.0,0
136.0,84.0,-36.0,0.0,0.0,0
136.0,86.0,-42.0,0.0,0.0,0
136.0,86.0,-40.0,0.0,0.0,0
136.0,86.0,-38.0,0.0,0.0,0
136.0,86.0,-36.0,0.0,0.0,0
136.0,88.0,-42.0,0.0,0.0,0
136.0,88.0,-40.0,0.0,0.0,0
136.0,88.0,-38.0,0.0,0.0,0
136.0,88.0,-36.0,0.0,0.0,0
136.0,90.0,-42.0,0.0,0.0,0
136.0,90.0,-40.0,0.0,0.0,0
136.0,90.0,-38.0,0.0,0.0,0
138.0,74.0,-40.0,0.0,0.0,0
138.0,74.0,-38.0,0.0,0.0,0
138.0,74.0,-36.0,0.0,0.0,0
138.0,74.0,-34.0,0.0,0.0,0
138.0,74.0,-32.0,0.0,0.0,0
138.0,76.0,-40.0,0.0,0.0,0
138.0,76.0,-38.0,0.0,0.0,0
138.0,76.0,-36.0,0.0,0.0,0
138.0,76.0,-34.0,0.0,0.0,0
138.0,76.0,-32.0,0.0,0.0,0
138.0,78.0,-40.0,0.0,0.0,0
138.0,78.0,-38.0,0.0,0.0,0
138.0,78.0,-36.0,0.0,0.0,0
138.0,78.0,-34.0,0.0,0.0,0
138.0,80.0,-40.0,0.0,0.0,0
138.0,80.0,-38.0,0.0,0.0,0
138.0,80.0,-36.0,0.0,0.0,0
138.0,80.0,-34.0,0.0,0.0,0
138.0,82.0,-42.0,0.0,0.0,0
138.0,82.0,-40.0,0.0,0.0,0
138.0,82.0,-38.0,0.0,0.0,0
138.0,82.0,-36.0,0.0,0.0,0
138.0,82.0,-34.0,0.0,0.0,0
138.0,84.0,-42.0,0.0,0.0,0
138.0,84.0,-40.0,0.0,0.0,0
138.0,84.0,-38.0,0.0,0.0,0
138.0,84.0,-36.0,0.0,0.0,0
138.0,84.0,-34.0,0.0,0.0,0
138.0,86.0,-42.0,0.0,0.0,0
138.0,86.0,-40.0,0.0,0.0,0
138.0,86.0,-38.0,0.0,0.0,0
138.0,86.0,-36.0,0.0,0.0,0
138.0,88.0,-42.0,0.0,0.0,0
138.0,88.0,-40.0,0.0,0.0,0
138.0,88.0,-38.0,0.0,0.0,0
138.0,88.0,-36.0,0.0,0.0,0
138.0,90.0,-42.0,0.0,0.0,0
138.0,90.0,-40.0,0.0,0.0,0
138.0,90.0,-38.0,0.0,0.0,0
138.0,90.0,-36.0,0.0,0.0,0
140.0,68.0,-30.0,0.0,0.0,0
140.0,70.0,-30.0,0.0,0.0,0
140.0,74.0,-40.0,0.0,0.0,0
140.0,74.0,-38.0,0.0,0.0,0
140.0,74.0,-36.0,0.0,0.0,0
140.0,74.0,-34.0,0.0,0.0,0
140.0,74.0,-32.0,0.0,0.0,0
140.0,76.0,-40.0,0.0,0.0,0
140.0,76.0,-38.0,0.0,0.0,0
140.0,76.0,-36.0,0.0,0.0,0
140.0,76.0,-34.0,0.0,0.0,0
140.0,76.0,-32.0,0.0,0.0,0
140.0,78.0,-40.0,0.0,0.0,0
140.0,78.0,-38.0,0.0,0.0,0
140.0,78.0,-36.0,0.0,0.0,0
140.0,78.0,-34.0,0.0,0.0,0
140.0,78.0,-32.0,0.0,0.0,0
140.0,80.0,-40.0,0.0,0.0,0
140.0,80.0,-38.0,0.0,0.0,0
140.0,80.0,-36.0,0.0,0.0,0
140.0,80.0,-34.0,0.0,0.0,0
140.0,80.0,-32.0,0.0,0.0,0
140.0,82.0,-40.0,0.0,0.0,0
140.0,82.0,-38.0,0.0,0.0,0
140.0,82.0,-36.0,0.0,0.0,0
140.0,82.0,-34.0,0.0,0.0,0
140.0,84.0,-40.0,0.0,0.0,0
140.0,84.0,-38.0,0.0,0.0,0
140.0,84.0,-36.0,0.0,0.0,0
140.0,84.0,-34.0,0.0,0.0,0
140.0,86.0,-42.0,0.0,0.0,0
140.0,86.0,-40.0,0.0,0.0,0
140.0,86.0,-38.0,0.0,0.0,0
140.0,86.0,-36.0,0.0,0.0,0
140.0,86.0,-34.0,0.0,0.0,0
140.0,88.0,-42.0,0.0,0.0,0
140.0,88.0,-40.0,0.0,0.0,0
140.0,88.0,-38.0,0.0,0.0,0
140.0,88.0,-36.0,0.0,0.0,0
140.0,88.0,-34.0,0.0,0.0,0
140.0,90.0,-42.0,0.0,0.0,0
140.0,90.0,-40.0,0.0,0.0,0
140.0,90.0,-38.0,0.0,0.0,0
140.0,90.0,-36.0,0.0,0.0,0
142.0,68.0,-30.0,0.0,0.0,0
142.0,70.0,-30.0,0.0,0.0,0
142.0,72.0,-30.0,0.0,0.0,0
142.0,74.0,-38.0,0.0,0.0,0
142.0,74.0,-36.0,0.0,0.0,0
142.0,74.0,-34.0,0.0,0.0,0
142.0,74.0,-32.0,0.0,0.0,0
142.0,74.0,-30.0,0.0,0.0,0
142.0,76.0,-40.0,0.0,0.0,0
142.0,76.0,-38.0,0.0,0.0,0
142.0,76.0,-36.0,0.0,0.0,0
142.0,76.0,-34.0,0.0,0.0,0
142.0,76.0,-32.0,0.0,0.0,0
142.0,76.0,-30.0,0.0,0.0,0
142.0,78.0,-40.0,0.0,0.0,0
142.0,78.0,-38.0,0.0,0.0,0
142.0,78.0,-36.0,0.0,0.0,0
142.0,78.0,-34.0,0.0,0.0,0
142.0,78.0,-32.0,0.0,0.0,0
142.0,80.0,-40.0,0.0,0.0,0
142.0,80.0,-38.0,0.0,0.0,0
142.0,80.0,-36.0,0.0,0.0,0
142.0,80.0,-34.0,0.0,0.0,0
142.0,80.0,-32.0,0.0,0.0,0
142.0,82.0,-40.0,0.0,0.0,0
142.0,82.0,-38.0,0.0,0.0,0
142.0,82.0,-36.0,0.0,0.0,0
142.0,82.0,-34.0,0.0,0.0,0
142.0,82.0,-32.0,0.0,0.0,0
142.0,84.0,-40.0,0.0,0.0,0
142.0,84.0,-38.0,0.0,0.0,0
142.0,84.0,-36.0,0.0,0.0,0
142.0,84.0,-34.0,0.0,0.0,0
142.0,84.0,-32.0,0.0,0.0,0
142.0,86.0,-40.0,0.0,0.0,0
142.0,86.0,-38.0,0.0,0.0,0
142.0,86.0,-36.0,0.0,0.0,0
142.0,86.0,-34.0,0.0,0.0,0
142.0,88.0,-40.0,0.0,0.0,0
142.0,88.0,-38.0,0.0,0.0,0
142.0,88.0,-36.0,0.0,0.0,0
142.0,88.0,-34.0,0.0,0.0,0
142.0,90.0,-42.0,0.0,0.0,0
142.0,90.0,-40.0,0.0,0.0,0
142.0,90.0,-38.0,0.0,0.0,0
142.0,90.0,-36.0,0.0,0.0,0
142.0,90.0,-34.0,0.0,0.0,0
144.0,52.0,-40.0,0.0,0.0,0
144.0,54.0,-46.0,0.0,0.0,0
144.0,54.0,-44.0,0.0,0.0,0
144.0,54.0,-42.0,0.0,0.0,0
144.0,54.0,-40.0,0.0,0.0,0
144.0,56.0,-54.0,0.0,0.0,0
144.0,56.0,-52.0,0.0,0.0,0
144.0,56.0,-50.0,0.0,0.0,0
144.0,56.0,-48.0,0.0,0.0,0
144.0,56.0,-46.0,0.0,0.0,0
144.0,56.0,-44.0,0.0,0.0,0
144.0,56.0,-42.0,0.0,0.0,0
144.0,56.0,-40.0,0.0,0.0,0
144.0,58.0,-54.0,0.0,0.0,0
144.0,58.0,-52.0,0.0,0.0,0
144.0,58.0,-50.0,0.0,0.0,0
144.0,58.0,-48.0,0.0,0.0,0
144.0,58.0,-46.0,0.0,0.0,0
144.0,58.0,-44.0,0.0,0.0,0
144.0,58.0,-42.0,0.0,0.0,0
144.0,58.0,-40.0,0.0,0.0,0
144.0,60.0,-52.0,0.0,0.0,0
144.0,60.0,-50.0,0.0,0.0,0
144.0,60.0,-48.0,0.0,0.0,0
144.0,60.0,-46.0,0.0,0.0,0
144.0,60.0,-44.0,0.0,0.0,0
144.0,60.0,-42.0,0.0,0.0,0
144.0,60.0,-40.0,0.0,0.0,0
144.0,62.0,-52.0,0.0,0.0,0
144.0,62.0,-50.0,0.0,0.0,0
144.0,62.0,-48.0,0.0,0.0,0
144.0,62.0,-46.0,0.0,0.0,0
144.0,62.0,-44.0,0.0,0.0,0
144.0,62.0,-42.0,0.0,0.0,0
144.0,62.0,-40.0,0.0,0.0,0
144.0,64.0,-38.0,0.0,0.0,0
144.0,64.0,-36.0,0.0,0.0,0
144.0,64.0,-34.0,0.0,0.0,0
144.0,64.0,-32.0,0.0,0.0,0
144.0,66.0,-38.0,0.0,0.0,0
144.0,66.0,-36.0,0.0,0.0,0
144.0,66.0,-34.0,0.0,0.0,0
144.0,66.0,-32.0,0.0,0.0,0
144.0,68.0,-38.0,0.0,0.0,0
144.0,68.0,-36.0,0.0,0.0,0
144.0,68.0,-34.0,0.0,0.0,0
144.0,68.0,-32.0,0.0,0.0,0
144.0,70.0,-38.0,0.0,0.0,0
144.0,70.0,-36.0,0.0,0.0,0
144.0,70.0,-34.0,0.0,0.0,0
144.0,70.0,-32.0,0.0,0.0,0
144.0,72.0,-38.0,0.0,0.0,0
144.0,72.0,-36.0,0.0,0.0,0
144.0,72.0,-34.0,0.0,0.0,0
144.0,72.0,-32.0,0.0,0.0,0
146.0,54.0,-40.0,0.0,0.0,0
146.0,54.0,-38.0,0.0,0.0,0
146.0,56.0,-46.0,0.0,0.0,0
146.0,56.0,-44.0,0.0,0.0,0
146.0,56.0,-42.0,0.0,0.0,0
146.0,56.0,-40.0,0.0,0.0,0
146.0,56.0,-38.0,0.0,0.0,0
146.0,58.0,-54.0,0.0,0.0,0
146.0,58.0,-52.0,0.0,0.0,0
146.0,58.0,-50.0,0.0,0.0,0
146.0,58.0,-48.0,0.0,0.0,0
146.0,58.0,-46.0,0.0,0.0,0
146.0,58.0,-44.0,0.0,0.0,0
146.0,58.0,-42.0,0.0,0.0,0
146.0,58.0,-40.0,0.0,0.0,0
146.0,58.0,-38.0,0.0,0.0,0
146.0,60.0,-52.0,0.0,0.0,0
146.0,60.0,-50.0,0.0,0.0,0
146.0,60.0,-48.0,0.0,0.0,0
146.0,60.0,-46.0,0.0,0.0,0
146.0,60.0,-44.0,0.0,0.0,0
146.0,60.0,-42.0,0.0,0.0,0
146.0,60.0,-40.0,0.0,0.0,0
146.0,60.0,-38.0,0.0,0.0,0
146.0,62.0,-36.0,0.0,0.0,0
146.0,62.0,-34.0,0.0,0.0,0
146.0,62.0,-32.0,0.0,0.0,0
146.0,64.0,-36.0,0.0,0.0,0
146.0,64.0,-34.0,0.0,0.0,0
146.0,64.0,-32.0,0.0,0.0,0
146.0,66.0,-36.0,0.0,0.0,0
146.0,66.0,-34.0,0.0,0.0,0
146.0,66.0,-32.0,0.0,0.0,0
146.0,68.0,-36.0,0.0,0.0,0
146.0,68.0,-34.0,0.0,0.0,0
146.0,68.0,-32.0,0.0,0.0,0
146.0,70.0,-36.0,0.0,0.0,0
146.0,70.0,-34.0,0.0,0.0,0
146.0,70.0,-32.0,0.0,0.0,0
146.0,72.0,-38.0,0.0,0.0,0
146.0,72.0,-36.0,0.0,0.0,0
146.0,72.0,-34.0,0.0,0.0,0
146.0,72.0,-32.0,0.0,0.0,0
148.0,56.0,-38.0,0.0,0.0,0
148.0,58.0,-48.0,0.0,0.0,0
148.0,58.0,-46.0,0.0,0.0,0
148.0,58.0,-44.0,0.0,0.0,0
148.0,58.0,-42.0,0.0,0.0,0
148.0,58.0,-40.0,0.0,0.0,0
148.0,58.0,-38.0,0.0,0.0,0
148.0,60.0,-52.0,0.0,0.0,0
148.0,60.0,-50.0,0.0,0.0,0
148.0,60.0,-48.0,0.0,0.0,0
148.0,60.0,-46.0,0.0,0.0,0
148.0,60.0,-44.0,0.0,0.0,0
148.0,60.0,-42.0,0.0,0.0,0
148.0,60.0,-40.0,0.0,0.0,0
148.0,60.0,-38.0,0.0,0.0,0
148.0,62.0,-36.0,0.0,0.0,0
148.0,62.0,-34.0,0.0,0.0,0
148.0,62.0,-32.0,0.0,0.0,0
148.0,64.0,-36.0,0.0,0.0,0
148.0,64.0,-34.0,0.0,0.0,0
148.0,64.0,-32.0,0.0,0.0,0
148.0,66.0,-36.0,0.0,0.0,0
148.0,66.0,-34.0,0.0,0.0,0
148.0,66.0,-32.0,0.0,0.0,0
148.0,68.0,-36.0,0.0,0.0,0
148.0,68.0,-34.0,0.0,0.0,0
148.0,68.0,-32.0,0.0,0.0,0
148.0,70.0,-36.0,0.0,0.0,0
148.0,70.0,-34.0,0.0,0.0,0
148.0,70.0,-32.0,0.0,0.0,0
148.0,72.0,-36.0,0.0,0.0,0
148.0,72.0,-34.0,0.0,0.0,0
148.0,72.0,-32.0,0.0,0.0,0
150.0,58.0,-36.0,0.0,0.0,0
150.0,60.0,-34.0,0.0,0.0,0
150.0,60.0,-32.0,0.0,0.0,0
150.0,62.0,-34.0,0.0,0.0,0
150.0,62.0,-32.0,0.0,0.0,0
150.0,64.0,-34.0,0.0,0.0,0
150.0,64.0,-32.0,0.0,0.0,0
150.0,66.0,-34.0,0.0,0.0,0
150.0,66.0,-32.0,0.0,0.0,0
150.0,68.0,-34.0,0.0,0.0,0
150.0,68.0,-32.0,0.0,0.0,0
150.0,70.0,-36.0,0.0,0.0,0
150.0,70.0,-34.0,0.0,0.0,0
150.0,70.0,-32.0,0.0,0.0,0
150.0,72.0,-36.0,0.0,0.0,0
150.0,72.0,-34.0,0.0,0.0,0
150.0,72.0,-32.0,0.0,0.0,0
152.0,60.0,-32.0,0.0,0.0,0
152.0,62.0,-34.0,0.0,0.0,0
152.0,62.0,-32.0,0.0,0.0,0
152.0,64.0,-34.0,0.0,0.0,0
152.0,64.0,-32.0,0.0,0.0,0
152.0,66.0,-34.0,0.0,0.0,0
152.0,66.0,-32.0,0.0,0.0,0
152.0,68.0,-34.0,0.0,0.0,0
152.0,68.0,-32.0,0.0,0.0,0
152.0,70.0,-34.0,0.0,0.0,0
152.0,70.0,-32.0,0.0,0.0,0
152.0,72.0,-34.0,0.0,0.0,0
152.0,72.0,-32.0,0.0,0.0,0
140.0,66.0,-30.0,0.0,0.0,0
142.0,66.0,-30.0,0.0,0.0,0
144.0,64.0,-30.0,0.0,0.0,0
144.0,64.0,-28.0,0.0,0.0,0
144.0,66.0,-30.0,0.0,0.0,0
144.0,66.0,-28.0,0.0,0.0,0
144.0,68.0,-30.0,0.0,0.0,0
144.0,68.0,-28.0,0.0,0.0,0
144.0,70.0,-30.0,0.0,0.0,0
144.0,70.0,-28.0,0.0,0.0,0
144.0,72.0,-30.0,0.0,0.0,0
144.0,72.0,-28.0,0.0,0.0,0
144.0,74.0,-38.0,0.0,0.0,0
144.0,74.0,-36.0,0.0,0.0,0
144.0,74.0,-34.0,0.0,0.0,0
144.0,74.0,-32.0,0.0,0.0,0
144.0,74.0,-30.0,0.0,0.0,0
144.0,76.0,-38.0,0.0,0.0,0
144.0,76.0,-36.0,0.0,0.0,0
144.0,76.0,-34.0,0.0,0.0,0
144.0,76.0,-32.0,0.0,0.0,0
144.0,76.0,-30.0,0.0,0.0,0
144.0,78.0,-38.0,0.0,0.0,0
144.0,78.0,-36.0,0.0,0.0,0
144.0,78.0,-34.0,0.0,0.0,0
144.0,78.0,-32.0,0.0,0.0,0
144.0,78.0,-30.0,0.0,0.0,0
144.0,80.0,-38.0,0.0,0.0,0
144.0,80.0,-36.0,0.0,0.0,0
144.0,80.0,-34.0,0.0,0.0,0
144.0,80.0,-32.0,0.0,0.0,0
144.0,80.0,-30.0,0.0,0.0,0
144.0,82.0,-40.0,0.0,0.0,0
144.0,82.0,-38.0,0.0,0.0,0
144.0,82.0,-36.0,0.0,0.0,0
144.0,82.0,-34.0,0.0,0.0,0
144.0,82.0,-32.0,0.0,0.0,0
144.0,82.0,-30.0,0.0,0.0,0
146.0,62.0,-30.0,0.0,0.0,0
146.0,62.0,-28.0,0.0,0.0,0
146.0,62.0,-26.0,0.0,0.0,0
146.0,64.0,-30.0,0.0,0.0,0
146.0,64.0,-28.0,0.0,0.0,0
146.0,64.0,-26.0,0.0,0.0,0
146.0,66.0,-30.0,0.0,0.0,0
146.0,66.0,-28.0,0.0,0.0,0
146.0,66.0,-26.0,0.0,0.0,0
146.0,68.0,-30.0,0.0,0.0,0
146.0,68.0,-28.0,0.0,0.0,0
146.0,70.0,-30.0,0.0,0.0,0
146.0,70.0,-28.0,0.0,0.0,0
146.0,72.0,-30.0,0.0,0.0,0
146.0,72.0,-28.0,0.0,0.0,0
146.0,74.0,-38.0,0.0,0.0,0
146.0,74.0,-36.0,0.0,0.0,0
146.0,74.0,-34.0,0.0,0.0,0
146.0,74.0,-32.0,0.0,0.0,0
146.0,74.0,-30.0,0.0,0.0,0
146.0,74.0,-28.0,0.0,0.0,0
146.0,76.0,-38.0,0.0,0.0,0
146.0,76.0,-36.0,0.0,0.0,0
146.0,76.0,-34.0,0.0,0.0,0
146.0,76.0,-32.0,0.0,0.0,0
146.0,76.0,-30.0,0.0,0.0,0
146.0,76.0,-28.0,0.0,0.0,0
146.0,78.0,-38.0,0.0,0.0,0
146.0,78.0,-36.0,0.0,0.0,0
146.0,78.0,-34.0,0.0,0.0,0
146.0,78.0,-32.0,0.0,0.0,0
146.0,78.0,-30.0,0.0,0.0,0
146.0,78.0,-28.0,0.0,0.0,0
146.0,80.0,-38.0,0.0,0.0,0
146.0,80.0,-36.0,0.0,0.0,0
146.0,80.0,-34.0,0.0,0.0,0
146.0,80.0,-32.0,0.0,0.0,0
146.0,80.0,-30.0,0.0,0.0,0
146.0,82.0,-38.0,0.0,0.0,0
146.0,82.0,-36.0,0.0,0.0,0
146.0,82.0,-34.0,0.0,0.0,0
146.0,82.0,-32.0,0.0,0.0,0
146.0,82.0,-30.0,0.0,0.0,0
148.0,62.0,-30.0,0.0,0.0,0
148.0,62.0,-28.0,0.0,0.0,0
148.0,62.0,-26.0,0.0,0.0,0
148.0,64.0,-30.0,0.0,0.0,0
148.0,64.0,-28.0,0.0,0.0,0
148.0,64.0,-26.0,0.0,0.0,0
148.0,66.0,-30.0,0.0,0.0,0
148.0,66.0,-28.0,0.0,0.0,0
148.0,66.0,-26.0,0.0,0.0,0
148.0,68.0,-30.0,0.0,0.0,0
148.0,68.0,-28.0,0.0,0.0,0
148.0,68.0,-26.0,0.0,0.0,0
148.0,70.0,-30.0,0.0,0.0,0
148.0,70.0,-28.0,0.0,0.0,0
148.0,70.0,-26.0,0.0,0.0,0
148.0,72.0,-30.0,0.0,0.0,0
148.0,72.0,-28.0,0.0,0.0,0
148.0,72.0,-26.0,0.0,0.0,0
148.0,74.0,-36.0,0.0,0.0,0
148.0,74.0,-34.0,0.0,0.0,0
148.0,74.0,-32.0,0.0,0.0,0
148.0,74.0,-30.0,0.0,0.0,0
148.0,74.0,-28.0,0.0,0.0,0
148.0,74.0,-26.0,0.0,0.0,0
148.0,76.0,-36.0,0.0,0.0,0
148.0,76.0,-34.0,0.0,0.0,0
148.0,76.0,-32.0,0.0,0.0,0
148.0,76.0,-30.0,0.0,0.0,0
148.0,76.0,-28.0,0.0,0.0,0
148.0,78.0,-38.0,0.0,0.0,0
148.0,78.0,-36.0,0.0,0.0,0
148.0,78.0,-34.0,0.0,0.0,0
148.0,78.0,-32.0,0.0,0.0,0
148.0,78.0,-30.0,0.0,0.0,0
148.0,78.0,-28.0,0.0,0.0,0
148.0,80.0,-38.0,0.0,0.0,0
148.0,80.0,-36.0,0.0,0.0,0
148.0,80.0,-34.0,0.0,0.0,0
148.0,80.0,-32.0,0.0,0.0,0
148.0,80.0,-30.0,0.0,0.0,0
148.0,80.0,-28.0,0.0,0.0,0
148.0,82.0,-38.0,0.0,0.0,0
148.0,82.0,-36.0,0.0,0.0,0
148.0,82.0,-34.0,0.0,0.0,0
148.0,82.0,-32.0,0.0,0.0,0
148.0,82.0,-30.0,0.0,0.0,0
148.0,82.0,-28.0,0.0,0.0,0
150.0,60.0,-30.0,0.0,0.0,0
150.0,60.0,-28.0,0.0,0.0,0
150.0,60.0,-26.0,0.0,0.0,0
150.0,60.0,-24.0,0.0,0.0,0
150.0,62.0,-30.0,0.0,0.0,0
150.0,62.0,-28.0,0.0,0.0,0
150.0,62.0,-26.0,0.0,0.0,0
150.0,62.0,-24.0,0.0,0.0,0
150.0,64.0,-30.0,0.0,0.0,0
150.0,64.0,-28.0,0.0,0.0,0
150.0,64.0,-26.0,0.0,0.0,0
150.0,64.0,-24.0,0.0,0.0,0
150.0,66.0,-30.0,0.0,0.0,0
150.0,66.0,-28.0,0.0,0.0,0
150.0,66.0,-26.0,0.0,0.0,0
150.0,66.0,-24.0,0.0,0.0,0
150.0,68.0,-30.0,0.0,0.0,0
150.0,68.0,-28.0,0.0,0.0,0
150.0,68.0,-26.0,0.0,0.0,0
150.0,68.0,-24.0,0.0,0.0,0
150.0,70.0,-30.0,0.0,0.0,0
150.0,70.0,-28.0,0.0,0.0,0
150.0,70.0,-26.0,0.0,0.0,0
150.0,70.0,-24.0,0.0,0.0,0
150.0,72.0,-30.0,0.0,0.0,0
150.0,72.0,-28.0,0.0,0.0,0
150.0,72.0,-26.0,0.0,0.0,0
150.0,74.0,-36.0,0.0,0.0,0
150.0,74.0,-34.0,0.0,0.0,0
150.0,74.0,-32.0,0.0,0.0,0
150.0,74.0,-30.0,0.0,0.0,0
150.0,74.0,-28.0,0.0,0.0,0
150.0,74.0,-26.0,0.0,0.0,0
150.0,76.0,-36.0,0.0,0.0,0
150.0,76.0,-34.0,0.0,0.0,0
150.0,76.0,-32.0,0.0,0.0,0
150.0,76.0,-30.0,0.0,0.0,0
150.0,76.0,-28.0,0.0,0.0,0
150.0,76.0,-26.0,0.0,0.0,0
150.0,78.0,-36.0,0.0,0.0,0
150.0,78.0,-34.0,0.0,0.0,0
150.0,78.0,-32.0,0.0,0.0,0
150.0,78.0,-30.0,0.0,0.0,0
150.0,78.0,-28.0,0.0,0.0,0
150.0,78.0,-26.0,0.0,0.0,0
150.0,80.0,-36.0,0.0,0.0,0
150.0,80.0,-34.0,0.0,0.0,0
150.0,80.0,-32.0,0.0,0.0,0
150.0,80.0,-30.0,0.0,0.0,0
150.0,80.0,-28.0,0.0,0.0,0
150.0,80.0,-26.0,0.0,0.0,0
150.0,82.0,-36.0,0.0,0.0,0
150.0,82.0,-34.0,0.0,0.0,0
150.0,82.0,-32.0,0.0,0.0,0
150.0,82.0,-30.0,0.0,0.0,0
150.0,82.0,-28.0,0.0,0.0,0
152.0,60.0,-30.0,0.0,0.0,0
152.0,60.0,-28.0,0.0,0.0,0
152.0,60.0,-26.0,0.0,0.0,0
152.0,60.0,-24.0,0.0,0.0,0
152.0,60.0,-22.0,0.0,0.0,0
152.0,62.0,-30.0,0.0,0.0,0
152.0,62.0,-28.0,0.0,0.0,0
152.0,62.0,-26.0,0.0,0.0,0
152.0,62.0,-24.0,0.0,0.0,0
152.0,62.0,-22.0,0.0,0.0,0
152.0,64.0,-30.0,0.0,0.0,0
152.0,64.0,-28.0,0.0,0.0,0
152.0,64.0,-26.0,0.0,0.0,0
152.0,64.0,-24.0,0.0,0.0,0
152.0,64.0,-22.0,0.0,0.0,0
152.0,66.0,-30.0,0.0,0.0,0
152.0,66.0,-28.0,0.0,0.0,0
152.0,66.0,-26.0,0.0,0.0,0
152.0,66.0,-24.0,0.0,0.0,0
152.0,66.0,-22.0,0.0,0.0,0
152.0,68.0,-30.0,0.0,0.0,0
152.0,68.0,-28.0,0.0,0.0,0
152.0,68.0,-26.0,0.0,0.0,0
152.0,68.0,-24.0,0.0,0.0,0
152.0,70.0,-30.0,0.0,0.0,0
152.0,70.0,-28.0,0.0,0.0,0
152.0,70.0,-26.0,0.0,0.0,0
152.0,70.0,-24.0,0.0,0.0,0
152.0,72.0,-30.0,0.0,0.0,0
152.0,72.0,-28.0,0.0,0.0,0
152.0,72.0,-26.0,0.0,0.0,0
152.0,72.0,-24.0,0.0,0.0,0
152.0,74.0,-34.0,0.0,0.0,0
152.0,74.0,-32.0,0.0,0.0,0
152.0,74.0,-30.0,0.0,0.0,0
152.0,74.0,-28.0,0.0,0.0,0
152.0,74.0,-26.0,0.0,0.0,0
152.0,74.0,-24.0,0.0,0.0,0
152.0,76.0,-34.0,0.0,0.0,0
152.0,76.0,-32.0,0.0,0.0,0
152.0,76.0,-30.0,0.0,0.0,0
152.0,76.0,-28.0,0.0,0.0,0
152.0,76.0,-26.0,0.0,0.0,0
152.0,76.0,-24.0,0.0,0.0,0
152.0,78.0,-36.0,0.0,0.0,0
152.0,78.0,-34.0,0.0,0.0,0
152.0,78.0,-32.0,0.0,0.0,0
152.0,78.0,-30.0,0.0,0.0,0
152.0,78.0,-28.0,0.0,0.0,0
152.0,78.0,-26.0,0.0,0.0,0
152.0,78.0,-24.0,0.0,0.0,0
152.0,80.0,-36.0,0.0,0.0,0
152.0,80.0,-34.0,0.0,0.0,0
152.0,80.0,-32.0,0.0,0.0,0
152.0,80.0,-30.0,0.0,0.0,0
152.0,80.0,-28.0,0.0,0.0,0
152.0,80.0,-26.0,0.0,0.0,0
152.0,82.0,-36.0,0.0,0.0,0
152.0,82.0,-34.0,0.0,0.0,0
152.0,82.0,-32.0,0.0,0.0,0
152.0,82.0,-30.0,0.0,0.0,0
152.0,82.0,-28.0,0.0,0.0,0
152.0,82.0,-26.0,0.0,0.0,0
144.0,84.0,-40.0,0.0,0.0,0
144.0,84.0,-38.0,0.0,0.0,0
144.0,84.0,-36.0,0.0,0.0,0
144.0,84.0,-34.0,0.0,0.0,0
144.0,84.0,-32.0,0.0,0.0,0
144.0,86.0,-40.0,0.0,0.0,0
144.0,86.0,-38.0,0.0,0.0,0
144.0,86.0,-36.0,0.0,0.0,0
144.0,86.0,-34.0,0.0,0.0,0
144.0,86.0,-32.0,0.0,0.0,0
144.0,88.0,-40.0,0.0,0.0,0
144.0,88.0,-38.0,0.0,0.0,0
144.0,88.0,-36.0,0.0,0.0,0
144.0,88.0,-34.0,0.0,0.0,0
144.0,88.0,-32.0,0.0,0.0,0
144.0,90.0,-40.0,0.0,0.0,0
144.0,90.0,-38.0,0.0,0.0,0
144.0,90.0,-36.0,0.0,0.0,0
144.0,90.0,-34.0,0.0,0.0,0
146.0,84.0,-38.0,0.0,0.0,0
146.0,84.0,-36.0,0.0,0.0,0
146.0,84.0,-34.0,0.0,0.0,0
146.0,84.0,-32.0,0.0,0.0,0
146.0,84.0,-30.0,0.0,0.0,0
146.0,86.0,-40.0,0.0,0.0,0
146.0,86.0,-38.0,0.0,0.0,0
146.0,86.0,-36.0,0.0,0.0,0
146.0,86.0,-34.0,0.0,0.0,0
146.0,86.0,-32.0,0.0,0.0,0
146.0,86.0,-30.0,0.0,0.0,0
146.0,88.0,-40.0,0.0,0.0,0
146.0,88.0,-38.0,0.0,0.0,0
146.0,88.0,-36.0,0.0,0.0,0
146.0,88.0,-34.0,0.0,0.0,0
146.0,88.0,-32.0,0.0,0.0,0
146.0,90.0,-40.0,0.0,0.0,0
146.0,90.0,-38.0,0.0,0.0,0
146.0,90.0,-36.0,0.0,0.0,0
146.0,90.0,-34.0,0.0,0.0,0
146.0,90.0,-32.0,0.0,0.0,0
148.0,84.0,-38.0,0.0,0.0,0
148.0,84.0,-36.0,0.0,0.0,0
148.0,84.0,-34.0,0.0,0.0,0
148.0,84.0,-32.0,0.0,0.0,0
148.0,84.0,-30.0,0.0,0.0,0
148.0,84.0,-28.0,0.0,0.0,0
148.0,86.0,-38.0,0.0,0.0,0
148.0,86.0,-36.0,0.0,0.0,0
148.0,86.0,-34.0,0.0,0.0,0
148.0,86.0,-32.0,0.0,0.0,0
148.0,86.0,-30.0,0.0,0.0,0
148.0,88.0,-40.0,0.0,0.0,0
148.0,88.0,-38.0,0.0,0.0,0
148.0,88.0,-36.0,0.0,0.0,0
148.0,88.0,-34.0,0.0,0.0,0
148.0,88.0,-32.0,0.0,0.0,0
148.0,88.0,-30.0,0.0,0.0,0
148.0,90.0,-40.0,0.0,0.0,0
148.0,90.0,-38.0,0.0,0.0,0
148.0,90.0,-36.0,0.0,0.0,0
148.0,90.0,-34.0,0.0,0.0,0
148.0,90.0,-32.0,0.0,0.0,0
148.0,90.0,-30.0,0.0,0.0,0
150.0,84.0,-38.0,0.0,0.0,0
150.0,84.0,-36.0,0.0,0.0,0
150.0,84.0,-34.0,0.0,0.0,0
150.0,84.0,-32.0,0.0,0.0,0
150.0,84.0,-30.0,0.0,0.0,0
150.0,84.0,-28.0,0.0,0.0,0
150.0,86.0,-38.0,0.0,0.0,0
150.0,86.0,-36.0,0.0,0.0,0
150.0,86.0,-34.0,0.0,0.0,0
150.0,86.0,-32.0,0.0,0.0,0
150.0,86.0,-30.0,0.0,0.0,0
150.0,86.0,-28.0,0.0,0.0,0
150.0,88.0,-38.0,0.0,0.0,0
150.0,88.0,-36.0,0.0,0.0,0
150.0,88.0,-34.0,0.0,0.0,0
150.0,88.0,-32.0,0.0,0.0,0
150.0,88.0,-30.0,0.0,0.0,0
150.0,88.0,-28.0,0.0,0.0,0
150.0,90.0,-38.0,0.0,0.0,0
150.0,90.0,-36.0,0.0,0.0,0
150.0,90.0,-34.0,0.0,0.0,0
150.0,90.0,-32.0,0.0,0.0,0
150.0,90.0,-30.0,0.0,0.0,0
152.0,84.0,-36.0,0.0,0.0,0
152.0,84.0,-34.0,0.0,0.0,0
152.0,84.0,-32.0,0.0,0.0,0
152.0,84.0,-30.0,0.0,0.0,0
152.0,84.0,-28.0,0.0,0.0,0
152.0,84.0,-26.0,0.0,0.0,0
152.0,86.0,-38.0,0.0,0.0,0
152.0,86.0,-36.0,0.0,0.0,0
152.0,86.0,-34.0,0.0,0.0,0
152.0,86.0,-32.0,0.0,0.0,0
152.0,86.0,-30.0,0.0,0.0,0
152.0,86.0,-28.0,0.0,0.0,0
152.0,86.0,-26.0,0.0,0.0,0
152.0,88.0,-38.0,0.0,0.0,0
152.0,88.0,-36.0,0.0,0.0,0
152.0,88.0,-34.0,0.0,0.0,0
152.0,88.0,-32.0,0.0,0.0,0
152.0,88.0,-30.0,0.0,0.0,0
152.0,88.0,-28.0,0.0,0.0,0
152.0,90.0,-38.0,0.0,0.0,0
152.0,90.0,-36.0,0.0,0.0,0
152.0,90.0,-34.0,0.0,0.0,0
152.0,90.0,-32.0,0.0,0.0,0
152.0,90.0,-30.0,0.0,0.0,0
152.0,90.0,-28.0,0.0,0.0,0
154.0,64.0,-32.0,0.0,0.0,0
154.0,64.0,-30.0,0.0,0.0,0
154.0,64.0,-28.0,0.0,0.0,0
154.0,64.0,-26.0,0.0,0.0,0
154.0,64.0,-24.0,0.0,0.0,0
154.0,64.0,-22.0,0.0,0.0,0
154.0,66.0,-32.0,0.0,0.0,0
154.0,66.0,-30.0,0.0,0.0,0
154.0,66.0,-28.0,0.0,0.0,0
154.0,66.0,-26.0,0.0,0.0,0
154.0,66.0,-24.0,0.0,0.0,0
154.0,66.0,-22.0,0.0,0.0,0
154.0,68.0,-34.0,0.0,0.0,0
154.0,68.0,-32.0,0.0,0.0,0
154.0,68.0,-30.0,0.0,0.0,0
154.0,68.0,-28.0,0.0,0.0,0
154.0,68.0,-26.0,0.0,0.0,0
154.0,68.0,-24.0,0.0,0.0,0
154.0,68.0,-22.0,0.0,0.0,0
154.0,70.0,-34.0,0.0,0.0,0
154.0,70.0,-32.0,0.0,0.0,0
154.0,70.0,-30.0,0.0,0.0,0
154.0,70.0,-28.0,0.0,0.0,0
154.0,70.0,-26.0,0.0,0.0,0
154.0,70.0,-24.0,0.0,0.0,0
154.0,70.0,-22.0,0.0,0.0,0
154.0,72.0,-34.0,0.0,0.0,0
154.0,72.0,-32.0,0.0,0.0,0
154.0,72.0,-30.0,0.0,0.0,0
154.0,72.0,-28.0,0.0,0.0,0
154.0,72.0,-26.0,0.0,0.0,0
154.0,72.0,-24.0,0.0,0.0,0
154.0,72.0,-22.0,0.0,0.0,0
156.0,66.0,-32.0,0.0,0.0,0
156.0,66.0,-30.0,0.0,0.0,0
156.0,66.0,-28.0,0.0,0.0,0
156.0,68.0,-32.0,0.0,0.0,0
156.0,68.0,-30.0,0.0,0.0,0
156.0,68.0,-28.0,0.0,0.0,0
156.0,68.0,-26.0,0.0,0.0,0
156.0,68.0,-24.0,0.0,0.0,0
156.0,68.0,-22.0,0.0,0.0,0
156.0,68.0,-20.0,0.0,0.0,0
156.0,70.0,-32.0,0.0,0.0,0
156.0,70.0,-30.0,0.0,0.0,0
156.0,70.0,-28.0,0.0,0.0,0
156.0,70.0,-26.0,0.0,0.0,0
156.0,70.0,-24.0,0.0,0.0,0
156.0,70.0,-22.0,0.0,0.0,0
156.0,70.0,-20.0,0.0,0.0,0
156.0,72.0,-32.0,0.0,0.0,0
156.0,72.0,-30.0,0.0,0.0,0
156.0,72.0,-28.0,0.0,0.0,0
156.0,72.0,-26.0,0.0,0.0,0
156.0,72.0,-24.0,0.0,0.0,0
156.0,72.0,-22.0,0.0,0.0,0
158.0,70.0,-32.0,0.0,0.0,0
158.0,70.0,-30.0,0.0,0.0,0
158.0,70.0,-28.0,0.0,0.0,0
158.0,70.0,-26.0,0.0,0.0,0
158.0,72.0,-32.0,0.0,0.0,0
158.0,72.0,-30.0,0.0,0.0,0
158.0,72.0,-28.0,0.0,0.0,0
158.0,72.0,-26.0,0.0,0.0,0
158.0,72.0,-24.0,0.0,0.0,0
158.0,72.0,-22.0,0.0,0.0,0
160.0,72.0,-30.0,0.0,0.0,0
154.0,74.0,-34.0,0.0,0.0,0
154.0,74.0,-32.0,0.0,0.0,0
154.0,74.0,-30.0,0.0,0.0,0
154.0,74.0,-28.0,0.0,0.0,0
154.0,74.0,-26.0,0.0,0.0,0
154.0,74.0,-24.0,0.0,0.0,0
154.0,74.0,-22.0,0.0,0.0,0
154.0,76.0,-34.0,0.0,0.0,0
154.0,76.0,-32.0,0.0,0.0,0
154.0,76.0,-30.0,0.0,0.0,0
154.0,76.0,-28.0,0.0,0.0,0
154.0,76.0,-26.0,0.0,0.0,0
154.0,76.0,-24.0,0.0,0.0,0
154.0,78.0,-34.0,0.0,0.0,0
154.0,78.0,-32.0,0.0,0.0,0
154.0,78.0,-30.0,0.0,0.0,0
154.0,78.0,-28.0,0.0,0.0,0
154.0,78.0,-26.0,0.0,0.0,0
154.0,78.0,-24.0,0.0,0.0,0
154.0,80.0,-34.0,0.0,0.0,0
154.0,80.0,-32.0,0.0,0.0,0
154.0,80.0,-30.0,0.0,0.0,0
154.0,80.0,-28.0,0.0,0.0,0
154.0,80.0,-26.0,0.0,0.0,0
154.0,80.0,-24.0,0.0,0.0,0
154.0,82.0,-36.0,0.0,0.0,0
154.0,82.0,-34.0,0.0,0.0,0
154.0,82.0,-32.0,0.0,0.0,0
154.0,82.0,-30.0,0.0,0.0,0
154.0,82.0,-28.0,0.0,0.0,0
154.0,82.0,-26.0,0.0,0.0,0
154.0,82.0,-24.0,0.0,0.0,0
156.0,74.0,-32.0,0.0,0.0,0
156.0,74.0,-30.0,0.0,0.0,0
156.0,74.0,-28.0,0.0,0.0,0
156.0,74.0,-26.0,0.0,0.0,0
156.0,74.0,-24.0,0.0,0.0,0
156.0,74.0,-22.0,0.0,0.0,0
156.0,76.0,-34.0,0.0,0.0,0
156.0,76.0,-32.0,0.0,0.0,0
156.0,76.0,-30.0,0.0,0.0,0
156.0,76.0,-28.0,0.0,0.0,0
156.0,76.0,-26.0,0.0,0.0,0
156.0,76.0,-24.0,0.0,0.0,0
156.0,76.0,-22.0,0.0,0.0,0
156.0,78.0,-34.0,0.0,0.0,0
156.0,78.0,-32.0,0.0,0.0,0
156.0,78.0,-30.0,0.0,0.0,0
156.0,78.0,-28.0,0.0,0.0,0
156.0,78.0,-26.0,0.0,0.0,0
156.0,78.0,-24.0,0.0,0.0,0
156.0,78.0,-22.0,0.0,0.0,0
156.0,80.0,-34.0,0.0,0.0,0
156.0,80.0,-32.0,0.0,0.0,0
156.0,80.0,-30.0,0.0,0.0,0
156.0,80.0,-28.0,0.0,0.0,0
156.0,80.0,-26.0,0.0,0.0,0
156.0,80.0,-24.0,0.0,0.0,0
156.0,80.0,-22.0,0.0,0.0,0
156.0,82.0,-34.0,0.0,0.0,0
156.0,82.0,-32.0,0.0,0.0,0
156.0,82.0,-30.0,0.0,0.0,0
156.0,82.0,-28.0,0.0,0.0,0
156.0,82.0,-26.0,0.0,0.0,0
156.0,82.0,-24.0,0.0,0.0,0
156.0,82.0,-22.0,0.0,0.0,0
158.0,74.0,-32.0,0.0,0.0,0
158.0,74.0,-30.0,0.0,0.0,0
158.0,74.0,-28.0,0.0,0.0,0
158.0,74.0,-26.0,0.0,0.0,0
158.0,74.0,-24.0,0.0,0.0,0
158.0,74.0,-22.0,0.0,0.0,0
158.0,74.0,-20.0,0.0,0.0,0
158.0,76.0,-32.0,0.0,0.0,0
158.0,76.0,-30.0,0.0,0.0,0
158.0,76.0,-28.0,0.0,0.0,0
158.0,76.0,-26.0,0.0,0.0,0
158.0,76.0,-24.0,0.0,0.0,0
158.0,76.0,-22.0,0.0,0.0,0
158.0,76.0,-20.0,0.0,0.0,0
158.0,78.0,-32.0,0.0,0.0,0
158.0,78.0,-30.0,0.0,0.0,0
158.0,78.0,-28.0,0.0,0.0,0
158.0,78.0,-26.0,0.0,0.0,0
158.0,78.0,-24.0,0.0,0.0,0
158.0,78.0,-22.0,0.0,0.0,0
158.0,78.0,-20.0,0.0,0.0,0
158.0,80.0,-32.0,0.0,0.0,0
158.0,80.0,-30.0,0.0,0.0,0
158.0,80.0,-28.0,0.0,0.0,0
158.0,80.0,-26.0,0.0,0.0,0
158.0,80.0,-24.0,0.0,0.0,0
158.0,80.0,-22.0,0.0,0.0,0
158.0,82.0,-34.0,0.0,0.0,0
158.0,82.0,-32.0,0.0,0.0,0
158.0,82.0,-30.0,0.0,0.0,0
158.0,82.0,-28.0,0.0,0.0,0
158.0,82.0,-26.0,0.0,0.0,0
158.0,82.0,-24.0,0.0,0.0,0
158.0,82.0,-22.0,0.0,0.0,0
160.0,74.0,-30.0,0.0,0.0,0
160.0,74.0,-28.0,0.0,0.0,0
160.0,74.0,-26.0,0.0,0.0,0
160.0,76.0,-32.0,0.0,0.0,0
160.0,76.0,-30.0,0.0,0.0,0
160.0,76.0,-28.0,0.0,0.0,0
160.0,76.0,-26.0,0.0,0.0,0
160.0,76.0,-24.0,0.0,0.0,0
160.0,76.0,-22.0,0.0,0.0,0
160.0,78.0,-32.0,0.0,0.0,0
160.0,78.0,-30.0,0.0,0.0,0
160.0,78.0,-28.0,0.0,0.0,0
160.0,78.0,-26.0,0.0,0.0,0
160.0,78.0,-24.0,0.0,0.0,0
160.0,78.0,-22.0,0.0,0.0,0
160.0,78.0,-20.0,0.0,0.0,0
160.0,80.0,-32.0,0.0,0.0,0
160.0,80.0,-30.0,0.0,0.0,0
160.0,80.0,-28.0,0.0,0.0,0
160.0,80.0,-26.0,0.0,0.0,0
160.0,80.0,-24.0,0.0,0.0,0
160.0,80.0,-22.0,0.0,0.0,0
160.0,80.0,-20.0,0.0,0.0,0
160.0,82.0,-32.0,0.0,0.0,0
160.0,82.0,-30.0,0.0,0.0,0
160.0,82.0,-28.0,0.0,0.0,0
160.0,82.0,-26.0,0.0,0.0,0
160.0,82.0,-24.0,0.0,0.0,0
160.0,82.0,-22.0,0.0,0.0,0
160.0,82.0,-20.0,0.0,0.0,0
162.0,76.0,-30.0,0.0,0.0,0
162.0,76.0,-28.0,0.0,0.0,0
162.0,78.0,-30.0,0.0,0.0,0
162.0,78.0,-28.0,0.0,0.0,0
162.0,78.0,-26.0,0.0,0.0,0
162.0,80.0,-30.0,0.0,0.0,0
162.0,80.0,-28.0,0.0,0.0,0
162.0,80.0,-26.0,0.0,0.0,0
162.0,80.0,-24.0,0.0,0.0,0
162.0,82.0,-32.0,0.0,0.0,0
162.0,82.0,-30.0,0.0,0.0,0
162.0,82.0,-28.0,0.0,0.0,0
162.0,82.0,-26.0,0.0,0.0,0
162.0,82.0,-24.0,0.0,0.0,0
162.0,82.0,-22.0,0.0,0.0,0
154.0,84.0,-36.0,0.0,0.0,0
154.0,84.0,-34.0,0.0,0.0,0
154.0,84.0,-32.0,0.0,0.0,0
154.0,84.0,-30.0,0.0,0.0,0
154.0,84.0,-28.0,0.0,0.0,0
154.0,84.0,-26.0,0.0,0.0,0
154.0,84.0,-24.0,0.0,0.0,0
154.0,86.0,-36.0,0.0,0.0,0
154.0,86.0,-34.0,0.0,0.0,0
154.0,86.0,-32.0,0.0,0.0,0
154.0,86.0,-30.0,0.0,0.0,0
154.0,86.0,-28.0,0.0,0.0,0
154.0,86.0,-26.0,0.0,0.0,0
154.0,88.0,-36.0,0.0,0.0,0
154.0,88.0,-34.0,0.0,0.0,0
154.0,88.0,-32.0,0.0,0.0,0
154.0,88.0,-30.0,0.0,0.0,0
154.0,88.0,-28.0,0.0,0.0,0
154.0,88.0,-26.0,0.0,0.0,0
154.0,90.0,-38.0,0.0,0.0,0
154.0,90.0,-36.0,0.0,0.0,0
154.0,90.0,-34.0,0.0,0.0,0
154.0,90.0,-32.0,0.0,0.0,0
154.0,90.0,-30.0,0.0,0.0,0
154.0,90.0,-28.0,0.0,0.0,0
154.0,90.0,-26.0,0.0,0.0,0
156.0,84.0,-34.0,0.0,0.0,0
156.0,84.0,-32.0,0.0,0.0,0
156.0,84.0,-30.0,0.0,0.0,0
156.0,84.0,-28.0,0.0,0.0,0
156.0,84.0,-26.0,0.0,0.0,0
156.0,84.0,-24.0,0.0,0.0,0
156.0,86.0,-36.0,0.0,0.0,0
156.0,86.0,-34.0,0.0,0.0,0
156.0,86.0,-32.0,0.0,0.0,0
156.0,86.0,-30.0,0.0,0.0,0
156.0,86.0,-28.0,0.0,0.0,0
156.0,86.0,-26.0,0.0,0.0,0
156.0,86.0,-24.0,0.0,0.0,0
156.0,88.0,-36.0,0.0,0.0,0
156.0,88.0,-34.0,0.0,0.0,0
156.0,88.0,-32.0,0.0,0.0,0
156.0,88.0,-30.0,0.0,0.0,0
156.0,88.0,-28.0,0.0,0.0,0
156.0,88.0,-26.0,0.0,0.0,0
156.0,88.0,-24.0,0.0,0.0,0
156.0,90.0,-36.0,0.0,0.0,0
156.0,90.0,-34.0,0.0,0.0,0
156.0,90.0,-32.0,0.0,0.0,0
156.0,90.0,-30.0,0.0,0.0,0
156.0,90.0,-28.0,0.0,0.0,0
156.0,90.0,-26.0,0.0,0.0,0
158.0,84.0,-34.0,0.0,0.0,0
158.0,84.0,-32.0,0.0,0.0,0
158.0,84.0,-30.0,0.0,0.0,0
158.0,84.0,-28.0,0.0,0.0,0
158.0,84.0,-26.0,0.0,0.0,0
158.0,84.0,-24.0,0.0,0.0,0
158.0,84.0,-22.0,0.0,0.0,0
158.0,86.0,-34.0,0.0,0.0,0
158.0,86.0,-32.0,0.0,0.0,0
158.0,86.0,-30.0,0.0,0.0,0
158.0,86.0,-28.0,0.0,0.0,0
158.0,86.0,-26.0,0.0,0.0,0
158.0,86.0,-24.0,0.0,0.0,0
158.0,86.0,-22.0,0.0,0.0,0
158.0,88.0,-36.0,0.0,0.0,0
158.0,88.0,-34.0,0.0,0.0,0
158.0,88.0,-32.0,0.0,0.0,0
158.0,88.0,-30.0,0.0,0.0,0
158.0,88.0,-28.0,0.0,0.0,0
158.0,88.0,-26.0,0.0,0.0,0
158.0,88.0,-24.0,0.0,0.0,0
158.0,90.0,-36.0,0.0,0.0,0
158.0,90.0,-34.0,0.0,0.0,0
158.0,90.0,-32.0,0.0,0.0,0
158.0,90.0,-30.0,0.0,0.0,0
158.0,90.0,-28.0,0.0,0.0,0
158.0,90.0,-26.0,0.0,0.0,0
158.0,90.0,-24.0,0.0,0.0,0
160.0,84.0,-32.0,0.0,0.0,0
160.0,84.0,-30.0,0.0,0.0,0
160.0,84.0,-28.0,0.0,0.0,0
160.0,84.0,-26.0,0.0,0.0,0
160.0,84.0,-24.0,0.0,0.0,0
160.0,84.0,-22.0,0.0,0.0,0
160.0,84.0,-20.0,0.0,0.0,0
160.0,86.0,-34.0,0.0,0.0,0
160.0,86.0,-32.0,0.0,0.0,0
160.0,86.0,-30.0,0.0,0.0,0
160.0,86.0,-28.0,0.0,0.0,0
160.0,86.0,-26.0,0.0,0.0,0
160.0,86.0,-24.0,0.0,0.0,0
160.0,86.0,-22.0,0.0,0.0,0
160.0,86.0,-20.0,0.0,0.0,0
160.0,88.0,-34.0,0.0,0.0,0
160.0,88.0,-32.0,0.0,0.0,0
160.0,88.0,-30.0,0.0,0.0,0
160.0,88.0,-28.0,0.0,0.0,0
160.0,88.0,-26.0,0.0,0.0,0
160.0,88.0,-24.0,0.0,0.0,0
160.0,88.0,-22.0,0.0,0.0,0
160.0,90.0,-34.0,0.0,0.0,0
160.0,90.0,-32.0,0.0,0.0,0
160.0,90.0,-30.0,0.0,0.0,0
160.0,90.0,-28.0,0.0,0.0,0
160.0,90.0,-26.0,0.0,0.0,0
160.0,90.0,-24.0,0.0,0.0,0
160.0,90.0,-22.0,0.0,0.0,0
162.0,84.0,-32.0,0.0,0.0,0
162.0,84.0,-30.0,0.0,0.0,0
162.0,84.0,-28.0,0.0,0.0,0
162.0,84.0,-26.0,0.0,0.0,0
162.0,84.0,-24.0,0.0,0.0,0
162.0,84.0,-22.0,0.0,0.0,0
162.0,84.0,-20.0,0.0,0.0,0
162.0,86.0,-32.0,0.0,0.0,0
162.0,86.0,-30.0,0.0,0.0,0
162.0,86.0,-28.0,0.0,0.0,0
162.0,86.0,-26.0,0.0,0.0,0
162.0,86.0,-24.0,0.0,0.0,0
162.0,86.0,-22.0,0.0,0.0,0
162.0,86.0,-20.0,0.0,0.0,0
162.0,88.0,-34.0,0.0,0.0,0
162.0,88.0,-32.0,0.0,0.0,0
162.0,88.0,-30.0,0.0,0.0,0
162.0,88.0,-28.0,0.0,0.0,0
162.0,88.0,-26.0,0.0,0.0,0
162.0,88.0,-24.0,0.0,0.0,0
162.0,88.0,-22.0,0.0,0.0,0
162.0,88.0,-20.0,0.0,0.0,0
